Tweet Id,Text,Name,Screen Name,UTC,Created At,Favorites,Retweets,Language,Client,Tweet Type,URLs,Hashtags,Mentions,Media Type,Media URLs,,,
1609924708082016256,"RT @plurigrid : Cybernetics for the 21st Century (via @digital_objects) â˜¸ğŸ›¸ğŸ´
https://t.co/lV3yF5fr9i",Plurigrid ğŸ›¸,plurigrid,2023-01-02T14:48:56.000Z,Mon Jan 02 14:48:56 +0000 2023,0,0,en,"<a href=""https://mobile.twitter.com"" rel=""nofollow"">Twitter Web App</a>",Retweet,https://youtube.com/playlist?list=PL_4oTZX7-ML0gxvmivLZea9mnNNxQKI-n ,0,1,,,,,
1609923734684717056,"RT @glynhudson : Happy new year! We made it to the Spanish Pyrenees in time for a snowy walk on NYE, smooth 1000 mile drive from Wales in our #ElectricCamperVan, it's so exciting to be up in the mountains, its forcast to dump snow tomorrow ğŸ˜€ğŸ´ó §ó ¢ó ·ó ¬ó ³ó ¿ ğŸ‡ªğŸ‡¸ âš¡ ğŸš https://t.co/mSGUiXHDyP",Plurigrid ğŸ›¸,plurigrid,2023-01-02T14:45:03.000Z,Mon Jan 02 14:45:03 +0000 2023,0,0,en,"<a href=""https://mobile.twitter.com"" rel=""nofollow"">Twitter Web App</a>",Retweet,,1,0,photo,https://pbs.twimg.com/media/Flad-gvWIAMX4Bo.jpg,https://pbs.twimg.com/media/Flad_nkXgAIB6DY.jpg,https://pbs.twimg.com/media/FlaeA1lWYAIODnq.jpg,https://pbs.twimg.com/media/FlaeDpNWQAYWn02.jpg
1609920561634840577,"RT @IEA : Global investment in #EnergyEfficiency jumped to $560 billion this year, a 16% increase from 2021

Driven by efforts to address the global energy crisis, this may be turning point for efficiency action after years of slow progress â¡ï¸ https://t.co/L6DtkmskM7 https://t.co/neLCIE34J4",Plurigrid ğŸ›¸,plurigrid,2023-01-02T14:32:27.000Z,Mon Jan 02 14:32:27 +0000 2023,0,0,en,"<a href=""https://mobile.twitter.com"" rel=""nofollow"">Twitter Web App</a>",Retweet,https://iea.li/3G8isAA ,1,0,photo,https://pbs.twimg.com/media/FlcyoxXXoAAlSRq.jpg,,,
1609879812163919872,"Plurigrid Testnet #0: Edith Clarke - a Pessimistic Rollup to @CelestiaOrg ğŸŒâš¡ï¸
https://t.co/fNeSIGVPTF https://t.co/z0nQrFeVEi",Plurigrid ğŸ›¸,plurigrid,2023-01-02T11:50:31.000Z,Mon Jan 02 11:50:31 +0000 2023,7,2,en,"<a href=""https://mobile.twitter.com"" rel=""nofollow"">Twitter Web App</a>",Tweet,https://github.com/Plurigrid/grid ,0,1,photo,https://pbs.twimg.com/media/FldxExYWYAIBN0d.jpg,,,
1609736424080695298,"RT @DER_Task_Force : Weâ€™re back with a solo ep to talk about Doomers and why you shouldnâ€™t be one! Tune in to ring in your new year with a heavy dose of optimism and meditation on Clean Energy Abundance.

https://t.co/LvxlOdhy1A",Plurigrid ğŸ›¸,plurigrid,2023-01-02T02:20:45.000Z,Mon Jan 02 02:20:45 +0000 2023,0,0,en,"<a href=""https://mobile.twitter.com"" rel=""nofollow"">Twitter Web App</a>",Retweet,https://dertaskforcenews.substack.com/p/28-the-clean-energy-abundance-platform?sd=pf ,0,0,,,,,
1609736225094500355,"ğŸ§‚âš›ï¸âš¡ï¸
- Sodium-Cooled Fast Reactor
- Very High Temperature Reactor
- Molten Salt Reactor
https://t.co/a5Rp9Umvtu",Plurigrid ğŸ›¸,plurigrid,2023-01-02T02:19:58.000Z,Mon Jan 02 02:19:58 +0000 2023,3,0,en,"<a href=""https://mobile.twitter.com"" rel=""nofollow"">Twitter Web App</a>",Tweet,https://www.energy.gov/ne/articles/3-advanced-reactor-systems-watch-2030 ,0,0,,,,,
1609217638739181568,"RT @iaeaorg : Shelling damage has disconnected ğŸ‡ºğŸ‡¦ Zaporizhzhya NPPâ€™s 330kV backup power line; plant is receiving offsite electricity from last 750kV external line.

3 other Ukraine NPPs are restoring previous electricity production levels after ydayâ€™s missile attacks https://t.co/1rysHdO2v5 https://t.co/HtDJnP11fa",Plurigrid ğŸ›¸,plurigrid,2022-12-31T15:59:17.000Z,Sat Dec 31 15:59:17 +0000 2022,0,0,en,"<a href=""https://mobile.twitter.com"" rel=""nofollow"">Twitter Web App</a>",Retweet,http://bit.ly/3YXzH0a ,0,0,photo,https://pbs.twimg.com/media/FlPS3gWXgAYOBAN.jpg,,,
1609216405957939201,@alyssa_zupan @RateYourCharge We urgently need better systems of record that do not allow for operators to flip the script &amp; cheat. Everyone affected deserves transparency with how any smart incentives / charges get applied! âš¡ï¸,Plurigrid ğŸ›¸,plurigrid,2022-12-31T15:54:23.000Z,Sat Dec 31 15:54:23 +0000 2022,1,0,en,"<a href=""https://mobile.twitter.com"" rel=""nofollow"">Twitter Web App</a>",Reply,,0,2,,,,,
1609213980538552321,"@fbirol @IEA We are ever inspired by your team's public goods work in these dynamic times (so much of it under CC BY 4.0), especially @IEA leadership on the challenges and opportunities in Ukraine's energy sector! ğŸ™Œâš¡ï¸

Here's to a peaceful &amp; prosperous 2023 ğŸ¥‚",Plurigrid ğŸ›¸,plurigrid,2022-12-31T15:44:45.000Z,Sat Dec 31 15:44:45 +0000 2022,0,0,en,"<a href=""https://mobile.twitter.com"" rel=""nofollow"">Twitter Web App</a>",Reply,,0,3,,,,,
1609173067955060739,"RT @bmorphism : @KateRaworth @NJHagens This is a seriously incredible paper, and speaks to what drives us at @Plurigrid:

- decentralized energy for implicit coordination
- mutual credit &amp; obligation clearing tied to Joules
- equilibria-seeking open games to nudge us away from social traps ğŸ•¹ï¸

https://t.co/ffpo0rWOsw https://t.co/jGakaobqin",Plurigrid ğŸ›¸,plurigrid,2022-12-31T13:02:11.000Z,Sat Dec 31 13:02:11 +0000 2022,0,0,en,"<a href=""https://mobile.twitter.com"" rel=""nofollow"">Twitter Web App</a>",Retweet,https://arxiv.org/abs/2105.06763 ,0,3,photo,https://pbs.twimg.com/media/FlTsq-EX0AEB1yS.jpg,,,
1609153895019708419,"""Energy is and always will be the currency of life. {...} Systems which maximize useful power generally outcompete those which do not."" ğŸŒ‡ğŸ“ˆâš¡ï¸
#EnergyTwitter #SystemsEconomics https://t.co/18c7QflUCw https://t.co/9BgjDbRYNT",Plurigrid ğŸ›¸,plurigrid,2022-12-31T11:45:59.000Z,Sat Dec 31 11:45:59 +0000 2022,3,1,en,"<a href=""https://mobile.twitter.com"" rel=""nofollow"">Twitter Web App</a>",Tweet,https://twitter.com/KateRaworth/status/1609149274478055428 ,2,0,photo,https://pbs.twimg.com/media/FlTbaHSWYAgdIfo.jpg,,,
1609108752388571137,"e-gens, our testnet is ready for your enjoyment!

We launch 2023-01-01! âš¡ï¸ğŸ”‹

If you would like to join as a validator or an early adopter of the universal interoperability layer for decentralized energy, there's still time to apply - start w/ this form:

https://t.co/PcThV5qL7v",Plurigrid ğŸ›¸,plurigrid,2022-12-31T08:46:37.000Z,Sat Dec 31 08:46:37 +0000 2022,3,0,en,"<a href=""https://mobile.twitter.com"" rel=""nofollow"">Twitter Web App</a>",Tweet,https://docs.google.com/forms/d/e/1FAIpQLSdlIF3ZRLEgSTTHsPFmzaSb9JDei-KnZk4L2PpgVcH4NYi0XQ/viewform ,0,0,,,,,
1608603595766890497,"RT @mattyj612 : Games: Agency as Art by @add_hawk took the glasses I use to look at the world, slapped them off my face, stomped on them until the lenses were grains of sand, then gave me new glasses I much prefer &amp; never want to remove. An extraordinary book.

https://t.co/QgAXVXVj2S",Plurigrid ğŸ›¸,plurigrid,2022-12-29T23:19:18.000Z,Thu Dec 29 23:19:18 +0000 2022,0,0,en,"<a href=""https://mobile.twitter.com"" rel=""nofollow"">Twitter Web App</a>",Retweet,https://www.goodreads.com/review/show/5043770786?book_show_action=false&from_review_page=1 ,0,1,,,,,
1608599411814457344,"ğŸ“° @Masdar is set to build a 120 MW solar plant in Yemen + transmission lines / transformer stations.
ğŸ—ï¸âš¡ï¸ğŸ‡¾ğŸ‡ª

""only ~10 percent of Yemenis have access to central electricity {...} many farmers in arid hinterland rely on diesel generators to power wells""

https://t.co/EMHDQWznvE",Plurigrid ğŸ›¸,plurigrid,2022-12-29T23:02:40.000Z,Thu Dec 29 23:02:40 +0000 2022,2,0,en,"<a href=""https://mobile.twitter.com"" rel=""nofollow"">Twitter Web App</a>",Tweet,https://www.ifc.org/wps/wcm/connect/news_ext_content/ifc_external_corporate_site/news+and+events/news/202101-yemen-solar ,0,1,,,,,
1608509950539481089,"RT @IEA : The global energy crisis has triggered unprecedented momentum behind renewables.

The world is now set to add as much renewable power in the next 5ï¸âƒ£ years as it did in the past 2ï¸âƒ£0ï¸âƒ£

Read more â†’ https://t.co/gDJKfz42mz https://t.co/F1qpkfaZpH",Plurigrid ğŸ›¸,plurigrid,2022-12-29T17:07:11.000Z,Thu Dec 29 17:07:11 +0000 2022,0,0,en,"<a href=""https://mobile.twitter.com"" rel=""nofollow"">Twitter Web App</a>",Retweet,https://iea.li/3WvVlXF ,0,0,animated_gif,https://video.twimg.com/tweet_video/FlKSx5DXgAAcCIP.mp4,,,
1608434986255884290,"RT @bmorphism : To close the loop on circuits simulating economics, we must use mechanism design / open games to give us better and more reliable circuits ğŸ•¹ï¸ ğŸŒ¨ï¸ğŸ’¥#gridSPICE #gridIBC https://t.co/dIgfn89b7Z",Plurigrid ğŸ›¸,plurigrid,2022-12-29T12:09:18.000Z,Thu Dec 29 12:09:18 +0000 2022,0,0,en,"<a href=""https://mobile.twitter.com"" rel=""nofollow"">Twitter Web App</a>",Retweet,https://twitter.com/trentmc0/status/1446419552456351747 ,2,0,,,,,
1608426102149480449,"@Thyborg_ 2022: @JunoNetwork @StargazeZone @osmosiszone 
2023: Interchain #CosmWasm #IBC 
...
2200: Xenochain ğŸ›¸: Replicated Post-State Machine",Plurigrid ğŸ›¸,plurigrid,2022-12-29T11:34:00.000Z,Thu Dec 29 11:34:00 +0000 2022,4,0,en,"<a href=""https://mobile.twitter.com"" rel=""nofollow"">Twitter Web App</a>",Reply,,2,4,,,,,
1608415045951815680,"RT @Aditya27k : ğŸš¨ How should we plan for winter peaking power grids in the United States? @JXJohnson, @csgalik, and I offer some thoughts in this new piece in Energy Policy. 
#EnergyTwitter

Link: https://t.co/z95X7KZDyH https://t.co/pxX6xpVLYA",Plurigrid ğŸ›¸,plurigrid,2022-12-29T10:50:04.000Z,Thu Dec 29 10:50:04 +0000 2022,0,0,en,"<a href=""https://mobile.twitter.com"" rel=""nofollow"">Twitter Web App</a>",Retweet,https://authors.elsevier.com/a/1gHOf_6se4Hb6J ,1,2,photo,https://pbs.twimg.com/media/FkbgnMlWIAYrOYL.jpg,https://pbs.twimg.com/media/FkbgnagXEAMmANo.jpg,,
1608414986082156545,"RT @MattEinberger : When people ask me why I'm so obsessed with transmission planning and that obscure organization called @FERC (they don't, but if they did, I would show them these two maps #energytwitter):
Left: How we currently plan the US power system
Right: The events we should be planning for https://t.co/L0P1hoEL9Q",Plurigrid ğŸ›¸,plurigrid,2022-12-29T10:49:50.000Z,Thu Dec 29 10:49:50 +0000 2022,0,0,en,"<a href=""https://mobile.twitter.com"" rel=""nofollow"">Twitter Web App</a>",Retweet,,1,1,photo,https://pbs.twimg.com/media/FkcvAlfWAAIucdG.jpg,https://pbs.twimg.com/media/FkcvAlkXkAApgbV.jpg,,
1608391196099104768,"#CoFi stands for Collaborative Finance, as in Mutual Credit and Obligation Clearing ğŸŒğŸ”‹ğŸ’³
https://t.co/h7w2Vun3O1",Plurigrid ğŸ›¸,plurigrid,2022-12-29T09:15:18.000Z,Thu Dec 29 09:15:18 +0000 2022,5,1,en,"<a href=""https://mobile.twitter.com"" rel=""nofollow"">Twitter Web App</a>",Tweet,https://cofi.informal.systems/resources ,1,0,,,,,
1608385260718358528,"ğŸ‘ğŸ‘ğŸ‘ğŸ‰  ğŸ‡¬ğŸ‡§
â˜€ï¸ğŸŒ¬ï¸ğŸŒŠâ˜¢ï¸  100%

#EnergyMixPluralism
#energytwitter https://t.co/dcRTNr1sca",Plurigrid ğŸ›¸,plurigrid,2022-12-29T08:51:43.000Z,Thu Dec 29 08:51:43 +0000 2022,1,0,und,"<a href=""https://mobile.twitter.com"" rel=""nofollow"">Twitter Web App</a>",Tweet,https://twitter.com/JosephMackayCh1/status/1608365713219010560 ,2,0,,,,,
1608089839244656640,RT @plurigrid : few https://t.co/KUAPWI0QdF,Plurigrid ğŸ›¸,plurigrid,2022-12-28T13:17:49.000Z,Wed Dec 28 13:17:49 +0000 2022,0,0,qst,"<a href=""https://mobile.twitter.com"" rel=""nofollow"">Twitter Web App</a>",Retweet,https://twitter.com/aidanshandle/status/1606092714243543041 ,0,0,,,,,
1608086337344704512,@BPBartholomew @ElectrifyBloom @abluecrab1 @TKavulla @TermPowerTrader @BlueFlameBlues @agelston @DrewSmithee @jacob_mays @tipvortice @CressNC @AbeEnergy @The_Michael_Lee @russellgold @konetic_energy @JigarShahDC @douglewinenergy @mandhana_abhi e-gen chads â¬†ï¸ thank you for your spicy takes! especially @abluecrab1 ğŸ¦€,Plurigrid ğŸ›¸,plurigrid,2022-12-28T13:03:54.000Z,Wed Dec 28 13:03:54 +0000 2022,2,0,en,"<a href=""https://mobile.twitter.com"" rel=""nofollow"">Twitter Web App</a>",Reply,,0,19,,,,,
1608086166825304071,"RT @BPBartholomew : Quick roundup of post-Elliott twitter takes, covering everything from correlated generator outages and gas system stress to Houston wildlife.
https://t.co/JH5Vc4r8Ki",Plurigrid ğŸ›¸,plurigrid,2022-12-28T13:03:13.000Z,Wed Dec 28 13:03:13 +0000 2022,0,0,en,"<a href=""https://mobile.twitter.com"" rel=""nofollow"">Twitter Web App</a>",Retweet,https://open.substack.com/pub/themeritorder/p/energy-twitter-takeaways-from-winter?utm_source=share&utm_medium=android ,0,0,,,,,
1608084155383824384,"RT @UNDPUkraine : ğŸ‡ºğŸ‡³@UNDP, with funds from @SwedeninUA, supplied @mintsyfra and @MinSocUA with generators and items to set up shelters for the staff during air alerts. It'll support the uninterrupted operation of their teams, who provide services to millions of ğŸ‡ºğŸ‡¦citizens â¡https://t.co/qdpoQzqGvo https://t.co/cFIX6e5CjR",Plurigrid ğŸ›¸,plurigrid,2022-12-28T12:55:14.000Z,Wed Dec 28 12:55:14 +0000 2022,0,0,en,"<a href=""https://mobile.twitter.com"" rel=""nofollow"">Twitter Web App</a>",Retweet,https://www.undp.org/ukraine/press-releases/undp-supports-ukraine-providing-uninterrupted-social-services-millions-citizens ,0,4,photo,https://pbs.twimg.com/media/FlEKXjDXEAEjJOR.jpg,https://pbs.twimg.com/media/FlEKwG7XwAA8D0k.jpg,https://pbs.twimg.com/media/FlEK2IkWAAMy7VT.jpg,https://pbs.twimg.com/media/FlELBXmWIAAxBRk.jpg
1608080633871437826,Give yourself a gift of at home energy monitoring! ğŸ https://t.co/xwqbFZkXVf,Plurigrid ğŸ›¸,plurigrid,2022-12-28T12:41:14.000Z,Wed Dec 28 12:41:14 +0000 2022,1,0,en,"<a href=""https://mobile.twitter.com"" rel=""nofollow"">Twitter Web App</a>",Tweet,https://twitter.com/whatisnuclear/status/1607631012779155456 ,0,0,,,,,
1608079881660764163,"RT @doescience : A pinwheel can be a toy - but it can also be a way to build materials with unique properties. @UofIllinois, @UMich &amp; @argonne researchers developed pinwheel-shaped structures that self-assemble from nanoparticles and show a characteristic called chirality: https://t.co/idTcjPx20A https://t.co/HGg5noY54I",Plurigrid ğŸ›¸,plurigrid,2022-12-28T12:38:15.000Z,Wed Dec 28 12:38:15 +0000 2022,0,0,en,"<a href=""https://mobile.twitter.com"" rel=""nofollow"">Twitter Web App</a>",Retweet,https://news.illinois.edu/view/6367/873954107 ,0,3,photo,https://pbs.twimg.com/media/FlCggJPXkAA_Lq_.jpg,,,
1608079386070204416,Digital Public Goods are great! â¬‡ï¸ #DeSci https://t.co/6n4YKrifmc,Plurigrid ğŸ›¸,plurigrid,2022-12-28T12:36:16.000Z,Wed Dec 28 12:36:16 +0000 2022,0,0,en,"<a href=""https://mobile.twitter.com"" rel=""nofollow"">Twitter Web App</a>",Tweet,https://twitter.com/CERN/status/1608025086396715009 ,1,0,,,,,
1608076638587322368,"Cybernetics for the 21st Century (via @digital_objects) â˜¸ğŸ›¸ğŸ´
https://t.co/lV3yF5fr9i",Plurigrid ğŸ›¸,plurigrid,2022-12-28T12:25:21.000Z,Wed Dec 28 12:25:21 +0000 2022,1,2,en,"<a href=""https://mobile.twitter.com"" rel=""nofollow"">Twitter Web App</a>",Tweet,https://youtube.com/playlist?list=PL_4oTZX7-ML0gxvmivLZea9mnNNxQKI-n ,0,1,,,,,
1608075441583144960,"Social Choice Theory: the study of collective decision procedures &amp; mechanisms. {...} concerning the aggregation of individual inputs (votes, preferences, judgments, welfare) into collective outputs (collective decisions, preferences, judgments, welfare).

https://t.co/8puWg6j8ta https://t.co/qKV0bKFS14",Plurigrid ğŸ›¸,plurigrid,2022-12-28T12:20:36.000Z,Wed Dec 28 12:20:36 +0000 2022,1,0,en,"<a href=""https://mobile.twitter.com"" rel=""nofollow"">Twitter Web App</a>",Tweet,https://plato.stanford.edu/entries/social-choice/ ,0,0,photo,https://pbs.twimg.com/media/FlEIEowWYAcVnV2.jpg,,,
1608070061415346176,Hear @cwgoes talk about his superhero origins: from converting electricity into mining BTC to allowing for shielded transactions on @namadanetwork â¬‡ï¸ğŸ™ï¸âš¡ï¸ https://t.co/txToAnLf2f,Plurigrid ğŸ›¸,plurigrid,2022-12-28T11:59:13.000Z,Wed Dec 28 11:59:13 +0000 2022,3,2,en,"<a href=""https://mobile.twitter.com"" rel=""nofollow"">Twitter Web App</a>",Tweet,https://twitter.com/ownereconomy/status/1608031909656797184 ,0,2,,,,,
1607552887697338370,"jamming with fellow #DWebCamp e-gens on hardware for message-passing security in #gridIBC! âš¡ï¸ğŸ“®ğŸ’Œ

exciting things afoot... ğŸŒ²ğŸ”‹ğŸ“²ğŸŒ²ğŸŒ²

stay warm out there ğŸŒ¨ï¸ https://t.co/wI7wRlBPz1",Plurigrid ğŸ›¸,plurigrid,2022-12-27T01:44:09.000Z,Tue Dec 27 01:44:09 +0000 2022,2,1,en,"<a href=""https://mobile.twitter.com"" rel=""nofollow"">Twitter Web App</a>",Tweet,,2,0,photo,https://pbs.twimg.com/media/Fk8r1FvWAAIbTXK.jpg,,,
1607545940738449410,https://t.co/dNTBaaVrKC https://t.co/rXZyaIhls7,Plurigrid ğŸ›¸,plurigrid,2022-12-27T01:16:33.000Z,Tue Dec 27 01:16:33 +0000 2022,1,0,zxx,"<a href=""https://mobile.twitter.com"" rel=""nofollow"">Twitter Web App</a>",Tweet,https://twitter.com/plurigrid/status/1605862856762593280 ,0,0,photo,https://pbs.twimg.com/media/Fk8mgJaWYAEwPWX.png,,,
1607545434167181312,"ğŸ¥âš›ï¸ğŸŠ

- Vertical Shaft Construction
- Steel Bricks
- Advanced Monitoring and Digital Twins ğŸ‘€ https://t.co/9QrP3b0kmg",Plurigrid ğŸ›¸,plurigrid,2022-12-27T01:14:32.000Z,Tue Dec 27 01:14:32 +0000 2022,1,0,en,"<a href=""https://mobile.twitter.com"" rel=""nofollow"">Twitter Web App</a>",Tweet,https://twitter.com/GovNuclear/status/1607532967236075520 ,0,0,,,,,
1607539800978120704,"@FriscaCal DMs are now open (&amp; pluralistic!) âš¡ï¸

Please also consider joining our Zulip space ğŸ›¸
https://t.co/oPO9f403oa",Plurigrid ğŸ›¸,plurigrid,2022-12-27T00:52:09.000Z,Tue Dec 27 00:52:09 +0000 2022,0,0,en,"<a href=""https://mobile.twitter.com"" rel=""nofollow"">Twitter Web App</a>",Reply,https://plurigrid.zulipchat.com/join/5vffrr3jwddnywzopwyagkud/ ,0,1,,,,,
1607293194261127168,"RT @penumbrazone : Looking for a holiday longread? Check out our Winter 2022 Update for details on:

- shielded swaps
- transaction views and perspectives
- our new state model
- the Penumbra DEX engine
- web interfaces
- sharded custody
- personal rollups

https://t.co/gvAk7BKF9T",Plurigrid ğŸ›¸,plurigrid,2022-12-26T08:32:14.000Z,Mon Dec 26 08:32:14 +0000 2022,0,0,en,"<a href=""https://mobile.twitter.com"" rel=""nofollow"">Twitter Web App</a>",Retweet,https://penumbra.zone/blog/2022-winter-update ,0,0,,,,,
1606243582586896384,"Foundation â˜¯ï¸âš¡ï¸ #ImpactDAOs #DeSci
https://t.co/oPO9f3ZvyC",Plurigrid ğŸ›¸,plurigrid,2022-12-23T11:01:27.000Z,Fri Dec 23 11:01:27 +0000 2022,0,0,en,"<a href=""https://mobile.twitter.com"" rel=""nofollow"">Twitter Web App</a>",Tweet,https://plurigrid.zulipchat.com/join/5vffrr3jwddnywzopwyagkud/ ,2,0,,,,,
1606243075424227330,If you are interested in our upcoming testnet or simply want to join the Plurigrid Foundation (digital public goods Commons)... https://t.co/jV75eooxq2,Plurigrid ğŸ›¸,plurigrid,2022-12-23T10:59:26.000Z,Fri Dec 23 10:59:26 +0000 2022,0,0,en,"<a href=""https://mobile.twitter.com"" rel=""nofollow"">Twitter Web App</a>",Reply,https://forms.gle/TRcPvnANB5RyRtdp8 ,0,0,,,,,
1606237843650621440,"RT @bmorphism : If you would like to participate in @Plurigrid's upcoming testnet, and are willing to install @realwasmedge to run client-side / edge simulations, please fill out this form:

https://t.co/Kz5z0gIDmJ https://t.co/HASnV2G69I",Plurigrid ğŸ›¸,plurigrid,2022-12-23T10:38:39.000Z,Fri Dec 23 10:38:39 +0000 2022,0,0,en,"<a href=""https://mobile.twitter.com"" rel=""nofollow"">Twitter Web App</a>",Retweet,https://forms.gle/TRcPvnANB5RyRtdp8 https://twitter.com/plurigrid/status/1605862856762593280 ,0,2,,,,,
1606141221021175808,few https://t.co/KUAPWI0QdF,Plurigrid ğŸ›¸,plurigrid,2022-12-23T04:14:42.000Z,Fri Dec 23 04:14:42 +0000 2022,3,1,qst,"<a href=""https://mobile.twitter.com"" rel=""nofollow"">Twitter Web App</a>",Tweet,https://twitter.com/aidanshandle/status/1606092714243543041 ,0,0,,,,,
1605949307340918786,"RT @CosmWasm : ğŸ“¢ CosmWasm Community Call #42!

A few days ago, we held our last CC for 2022. Here's what we discussed:

âšœï¸Academy 2nd Cohort
âšœï¸Wasmd 0.30 / authz
âšœï¸Sylvia released
âšœï¸2022 Recap
âšœï¸Â #AwesomWasm
âšœï¸Looking forward at 2023
âšœï¸Dev Notes Series
âšœï¸Open Q&amp;A

https://t.co/OEooWJki5F",Plurigrid ğŸ›¸,plurigrid,2022-12-22T15:32:06.000Z,Thu Dec 22 15:32:06 +0000 2022,0,0,en,"<a href=""https://mobile.twitter.com"" rel=""nofollow"">Twitter Web App</a>",Retweet,https://vimeo.com/783663571 ,1,0,,,,,
1605947533674418176,"RT @GovNuclear : NUCLEAR 101: Advanced light-water small modular reactors are simply smaller, manufactured versions of large-scale reactors. 

They can be scaled up or down to meet clean energy demands and help power areas where larger plants are not needed. 

Learn more: https://t.co/ruQctoImpl https://t.co/UHYjwExhpU",Plurigrid ğŸ›¸,plurigrid,2022-12-22T15:25:03.000Z,Thu Dec 22 15:25:03 +0000 2022,0,0,en,"<a href=""https://mobile.twitter.com"" rel=""nofollow"">Twitter Web App</a>",Retweet,https://bit.ly/2tD3lLh ,0,0,photo,https://pbs.twimg.com/media/FkhPrUCWAAMOQIB.jpg,,,
1605946696386727936,"@BogumilKaminski A huge number of electricity grid packages (GenX, NREL SIIP etc) are now in @JuliaLanguage and we will be recommending @ManningBooks  ""Julia for Data Analysis"" to every new energy data scientist starting on our team! âš¡ï¸ğŸ“š

https://t.co/00Dlwau33S

Example:
https://t.co/FuXc6iof8X https://t.co/ovVGW0KKei",Plurigrid ğŸ›¸,plurigrid,2022-12-22T15:21:44.000Z,Thu Dec 22 15:21:44 +0000 2022,3,1,en,"<a href=""https://mobile.twitter.com"" rel=""nofollow"">Twitter Web App</a>",Reply,https://www.manning.com/books/julia-for-data-analysis https://nrel-siip.github.io/PowerSimulationsDynamics.jl/stable/component_models/network/ ,0,3,photo,https://pbs.twimg.com/media/Fkl31O9XEAQnPIs.jpg,,,
1605919382160318464,"RT @ricburton : South Africa has rolling blackouts âš¡ï¸

It really makes you appreciate electricity ğŸ’¡ https://t.co/X2jGOF4iU5",Plurigrid ğŸ›¸,plurigrid,2022-12-22T13:33:11.000Z,Thu Dec 22 13:33:11 +0000 2022,0,0,en,"<a href=""https://mobile.twitter.com"" rel=""nofollow"">Twitter Web App</a>",Retweet,,0,0,photo,https://pbs.twimg.com/media/FkkkIfRWIAIrgdw.jpg,,,
1605914141272653824,"RT @interchain_io : 2022 has been a year of explosive growth for the Interchain, fueled by the #IBC protocol.

In this blog post, we summarize IBCâ€™s major developments and updates, as well as discussing the key priorities for 2023.

Read the blog post here: https://t.co/RrUNJo8P3c https://t.co/Hg9LKdl5Zn",Plurigrid ğŸ›¸,plurigrid,2022-12-22T13:12:22.000Z,Thu Dec 22 13:12:22 +0000 2022,0,0,en,"<a href=""https://mobile.twitter.com"" rel=""nofollow"">Twitter Web App</a>",Retweet,https://medium.com/the-interchain-foundation/ibc-protocol-a-review-of-the-major-developments-of-2022-cff533cf6490 ,1,0,photo,https://pbs.twimg.com/media/FklZdf0XkAAt7St.jpg,,,
1605897176470675456,"RT @fbirol : Are you passionate about energy issues &amp; data? If so, you may want to spend some time over the holidays exploring @IEA's new renewables data browser â€“ with historical data &amp; forecasts for all sectors &amp; technologies.
 
Take a look ğŸ‘‰ https://t.co/ZBlGObR3kF https://t.co/fxOONhANru",Plurigrid ğŸ›¸,plurigrid,2022-12-22T12:04:57.000Z,Thu Dec 22 12:04:57 +0000 2022,0,0,en,"<a href=""https://mobile.twitter.com"" rel=""nofollow"">Twitter Web App</a>",Retweet,https://iea.li/3BPHiE2 ,0,1,photo,https://pbs.twimg.com/media/FklKoBmXEAIN0-Z.jpg,,,
1605882745070051330,"@CosmWasm In time for our testnet! â˜ºï¸
https://t.co/dNTBaaDQm2",Plurigrid ğŸ›¸,plurigrid,2022-12-22T11:07:36.000Z,Thu Dec 22 11:07:36 +0000 2022,2,0,en,"<a href=""https://mobile.twitter.com"" rel=""nofollow"">Twitter Web App</a>",Reply,https://twitter.com/plurigrid/status/1605862856762593280 ,0,1,,,,,
1605880529110175744,"@bmorphism @misangmadrid @CosmWasm @ComposableFin @larry0x @DA0_DA0 @StargazeZone @osmosiszone @confio_tech ~ Plurigrid ğŸ’› @CosmWasm ~
https://t.co/dNTBaaDQm2",Plurigrid ğŸ›¸,plurigrid,2022-12-22T10:58:48.000Z,Thu Dec 22 10:58:48 +0000 2022,0,0,en,"<a href=""https://mobile.twitter.com"" rel=""nofollow"">Twitter Web App</a>",Reply,https://twitter.com/plurigrid/status/1605862856762593280 ,0,10,,,,,
1605880016482361345,"@ComposableFin @RiscZero @realwasmedge ~ Plurigrid ğŸ’› @CosmWasm ~
https://t.co/P8PLTBEaGv",Plurigrid ğŸ›¸,plurigrid,2022-12-22T10:56:46.000Z,Thu Dec 22 10:56:46 +0000 2022,1,0,en,"<a href=""https://mobile.twitter.com"" rel=""nofollow"">Twitter Web App</a>",Reply,https://twitter.com/bmorphism/status/1605849836422561793 ,0,4,,,,,
1605879748357505024,"Interactive demo of PyScript (WebAssembly Python)! ğŸğŸŒ

GIS visualization using Python, a language familiar to data professionals, as snappy .wasm, available in every modern browser &amp; server-side runtimes like @realwasmedge

~ Plurigrid ğŸ’› @pyscript_dev ~
https://t.co/KZg2M8r05F https://t.co/3vq5kxUoFV",Plurigrid ğŸ›¸,plurigrid,2022-12-22T10:55:42.000Z,Thu Dec 22 10:55:42 +0000 2022,2,0,en,"<a href=""https://mobile.twitter.com"" rel=""nofollow"">Twitter Web App</a>",Tweet,https://pyscript.net/examples/ ,0,2,photo,https://pbs.twimg.com/media/Fkk50vgWIAQ9ekb.jpg,,,
1605875704738062341,"""Decentralized compute for science"" by @aronchick (head of R&amp;D @protocollabs) ğŸ—£ï¸ğŸ™ï¸ #DeSci

https://t.co/N1SsLC82U8 https://t.co/Cr7V9FLsWg",Plurigrid ğŸ›¸,plurigrid,2022-12-22T10:39:38.000Z,Thu Dec 22 10:39:38 +0000 2022,2,0,en,"<a href=""https://mobile.twitter.com"" rel=""nofollow"">Twitter Web App</a>",Tweet,https://podcasts.apple.com/us/podcast/4-david-aronchick-decentralized-compute-for-science/id1647747583?i=1000590901139 https://twitter.com/DesciFoundation/status/1605645983223844875 ,1,2,,,,,
1605862856762593280,"Plurigrid testnet #0: Edith Clarke âš¡ï¸
Launch: 2023-01-01 ğŸ›¸

We are excited to bring decentralized transactive energy and Digital Public Goods to #IBC.

- @ComposableFin cosmwasm-vm
- @RiscZero zkVM
- @realwasmedge

To participate, join our Zulip space:
https://t.co/oPO9f3HUa2 https://t.co/xeOEODW7Og",Plurigrid ğŸ›¸,plurigrid,2022-12-22T09:48:35.000Z,Thu Dec 22 09:48:35 +0000 2022,16,9,en,"<a href=""https://mobile.twitter.com"" rel=""nofollow"">Twitter Web App</a>",Tweet,https://plurigrid.zulipchat.com/join/5vffrr3jwddnywzopwyagkud/ ,1,3,photo,https://pbs.twimg.com/media/FkknQh6WQAAqqRn.png,,,
1605828995605581824,"No vibes, just science! ğŸ”¬ #DeSci",Plurigrid ğŸ›¸,plurigrid,2022-12-22T07:34:02.000Z,Thu Dec 22 07:34:02 +0000 2022,1,0,en,"<a href=""https://mobile.twitter.com"" rel=""nofollow"">Twitter Web App</a>",Tweet,,1,0,,,,,
1605825844856770560,"âš¡ï¸ Plurigrid power-up: Arc Browser by @browsercompany of New York ğŸ—½

https://t.co/jAQb4XEVdc

Happy Holidays! ğŸ•",Plurigrid ğŸ›¸,plurigrid,2022-12-22T07:21:30.000Z,Thu Dec 22 07:21:30 +0000 2022,1,0,en,"<a href=""https://mobile.twitter.com"" rel=""nofollow"">Twitter Web App</a>",Tweet,https://arc.net/gift/2738ebe4 ,0,1,,,,,
1605822111989334016,"RT @bmorphism : Oak Ridge National Laboratory Pilot Demonstration of an Attestation and Anomaly Detection Framework using Distributed Ledger Technology for Power Grid Infrastructure âš¡ï¸ğŸ¤–ğŸŒ @ORNL @ENERGY
#decentralizedenergy #EnergyTwitter

ğŸ“„ Paper: https://t.co/hqJo11vtcn https://t.co/LTIkjO9npx",Plurigrid ğŸ›¸,plurigrid,2022-12-22T07:06:40.000Z,Thu Dec 22 07:06:40 +0000 2022,0,0,en,"<a href=""https://mobile.twitter.com"" rel=""nofollow"">Twitter Web App</a>",Retweet,https://info.ornl.gov/sites/publications/Files/Pub180482.pdf ,2,2,photo,https://pbs.twimg.com/media/FkkGDTcXgAATXAV.jpg,,,
1605819029419184128,"At Plurigrid we are happy to use @tana_inc as our principal (and principled!) way of constructing our
â‰ Decentralized Energy Ontology â‰, e-gen journeys, and other vegetables in our knowledge garden ğŸ¥”ğŸŒ½ğŸ«‘

ğŸ“š: taxonomy of grid coordination at the edge
https://t.co/GTXOs9Tv2h https://t.co/XcQ8CuAW6a",Plurigrid ğŸ›¸,plurigrid,2022-12-22T06:54:25.000Z,Thu Dec 22 06:54:25 +0000 2022,45,4,en,"<a href=""https://mobile.twitter.com"" rel=""nofollow"">Twitter Web App</a>",Tweet,https://www.sciencedirect.com/science/article/pii/S030626192200558X#d1e3216 ,0,1,photo,https://pbs.twimg.com/media/FkkBq7nXgAAK5rS.jpg,,,
1605693750222544897,"gm e-gens! â˜€ï¸ If #decentralizedenergy and microgrids are your jam, join us in...

ğŸ‘€ Plurigrid Foundation's Zulip Space! ğŸ›¸
https://t.co/oPO9f3HUa2

Note: you will need a GitHub dot com user to sign up
(and stamp your @gitcoinpassport ğŸ”‹ğŸ›‚)
/cc @DER_Task_Force  #EnergyTwitter https://t.co/kmbRQiBiLT",Plurigrid ğŸ›¸,plurigrid,2022-12-21T22:36:37.000Z,Wed Dec 21 22:36:37 +0000 2022,5,2,en,"<a href=""https://mobile.twitter.com"" rel=""nofollow"">Twitter Web App</a>",Tweet,https://plurigrid.zulipchat.com/join/5vffrr3jwddnywzopwyagkud/ ,2,2,photo,https://pbs.twimg.com/media/FkiNeS8WYAA4_sM.jpg,,,
1603624880154583040,"RT @ENERGY : BREAKING NEWS: This is an announcement that has been decades in the making.
Â 
On December 5, 2022 a team from DOE's @Livermore_Lab made history by achieving fusion ignition.
Â 
This breakthrough will change the future of clean power and Americaâ€™s national defense forever. https://t.co/hFHWbmCNQJ",Plurigrid ğŸ›¸,plurigrid,2022-12-16T05:35:39.000Z,Fri Dec 16 05:35:39 +0000 2022,0,0,en,"<a href=""https://mobile.twitter.com"" rel=""nofollow"">Twitter Web App</a>",Retweet,,0,1,video,https://video.twimg.com/amplify_video/1602401668359864320/pl/J_QrYDV1sM1L0gj9.m3u8?tag=16&container=fmp4,,,
1601921122357989376,"RT @IEA : ğŸ—£ â€œRenewables were already expanding quickly, but the global energy crisis has kicked them into an extraordinary new phase of even faster growthâ€

IEAâ€™s @fbirol on the latest trends in renewable energy markets. Read more in our new report ğŸ‘‰ https://t.co/p1dndWgxbp https://t.co/DVdRGng3iy",Plurigrid ğŸ›¸,plurigrid,2022-12-11T12:45:32.000Z,Sun Dec 11 12:45:32 +0000 2022,0,0,en,"<a href=""https://mobile.twitter.com"" rel=""nofollow"">Twitter Web App</a>",Retweet,https://iea.li/3F9mdVY ,0,1,photo,https://pbs.twimg.com/media/Fjsc61UWIAIh8cT.jpg,,,
1601175219288551424,"RT @plurigrid : A new Plurigrid is coming into existence on @CeloOrg at the Albany Extitue CyborgCamp in NY! #BuildOnCelo

We are grateful to @tecmns for details on the Augmented Bonding Curve deployment &amp; Celo Composer for making it easy to build e-apps @FlutterDev. âš¡ï¸

https://t.co/LPbRM7BWPc https://t.co/JNPw2Oqryr https://t.co/cBVmxMwQXR",Plurigrid ğŸ›¸,plurigrid,2022-12-09T11:21:35.000Z,Fri Dec 09 11:21:35 +0000 2022,0,0,en,"<a href=""https://mobile.twitter.com"" rel=""nofollow"">Twitter Web App</a>",Retweet,https://github.com/Plurigrid/plurigrid-albany https://twitter.com/plurigrid/status/1600947594641178625 ,1,3,photo,https://pbs.twimg.com/media/FjiAOZZX0AETwb6.jpg,,,
1601172073120174082,"A new Plurigrid is coming into existence on @CeloOrg at the Albany Extitue CyborgCamp in NY! #BuildOnCelo

We are grateful to @tecmns for details on the Augmented Bonding Curve deployment &amp; Celo Composer for making it easy to build e-apps @FlutterDev. âš¡ï¸

https://t.co/LPbRM7BWPc https://t.co/JNPw2Oqryr https://t.co/cBVmxMwQXR",Plurigrid ğŸ›¸,plurigrid,2022-12-09T11:09:05.000Z,Fri Dec 09 11:09:05 +0000 2022,2,1,en,"<a href=""https://mobile.twitter.com"" rel=""nofollow"">Twitter Web App</a>",Tweet,https://github.com/Plurigrid/plurigrid-albany https://twitter.com/plurigrid/status/1600947594641178625 ,1,3,photo,https://pbs.twimg.com/media/FjiAOZZX0AETwb6.jpg,,,
1600954818931331072,"There are already excellent intermediaries like @TheDavidEnergy, @EnodeHQ, and excellent communities like @DER_Task_Force -- we want to bring Decentralized Virtual Power Plant directly to _all_  e-gens âš¡ï¸, and give transactive energy commons to p2p masses ğŸ´ 2/
/cc @informalinc https://t.co/1FMO8EkQi2",Plurigrid ğŸ›¸,plurigrid,2022-12-08T20:45:47.000Z,Thu Dec 08 20:45:47 +0000 2022,0,0,en,"<a href=""https://mobile.twitter.com"" rel=""nofollow"">Twitter Web App</a>",Reply,,0,4,photo,https://pbs.twimg.com/media/Fje6SvlWIBkvZJR.jpg,,,
1600951541841567744,"We want to show that anyone can bootstrap their decentralized virtual power plant / DER, and that funding and resilience can be done sustainably and electrify those at the edge who need it most ğŸ‡ºğŸ‡¦ğŸ‡³ğŸ‡¬ğŸ‡®ğŸ‡³ğŸ‡°ğŸ‡® 1/ https://t.co/cPznOlt5Vt",Plurigrid ğŸ›¸,plurigrid,2022-12-08T20:32:46.000Z,Thu Dec 08 20:32:46 +0000 2022,1,1,en,"<a href=""https://mobile.twitter.com"" rel=""nofollow"">Twitter Web App</a>",Reply,,0,0,photo,https://pbs.twimg.com/media/Fje4gtaWIBgS94G.jpg,,,
1600951533633679360,"What is Plurigrid? ğŸ

Plurigridâ€™s superpower is the ability to model grid solutions and resources before deployment. 
New simulation models must contain not just grid components, but politics, ecology, energy policy, physics, and incentive models. 0/ https://t.co/cMSPsLqBDn",Plurigrid ğŸ›¸,plurigrid,2022-12-08T20:32:44.000Z,Thu Dec 08 20:32:44 +0000 2022,3,0,en,"<a href=""https://mobile.twitter.com"" rel=""nofollow"">Twitter Web App</a>",Tweet,,0,0,photo,https://pbs.twimg.com/media/Fje3fmkXgAArhpY.jpg,,,
1600947594641178625,"e-gens! âš¡ï¸ğŸŒ

@ 13:37 UTC on December 10th the very first Plurigrid instance ever will be born in New York on @CeloOrg mainnet. We could hardly think of a better place to call the second home for our Interchain Virtual Powerplant ğŸ”‹ @Metagov
#CoFi #DeSci
https://t.co/gQXHZ7L7yf https://t.co/lhrW4nCMvS",Plurigrid ğŸ›¸,plurigrid,2022-12-08T20:17:05.000Z,Thu Dec 08 20:17:05 +0000 2022,3,1,en,"<a href=""https://mobile.twitter.com"" rel=""nofollow"">Twitter Web App</a>",Tweet,https://plurigrid.roam.garden/Augmented-Bonding-Curve ,2,2,photo,https://pbs.twimg.com/media/Fje0bKnXEAg1rZ0.jpg,,,
1598381948300193792,"RT @IEA : Today, only 10% of heating in buildings worldwide relies on heat pumps.

But this needs to grow rapidly to meet announced energy security &amp; climate targets.

If fully implemented, these commitments are set to drive heat pump sales to triple by 2030 ğŸ‘‰ https://t.co/Ggq6NiUlRQ https://t.co/T4sDLPelok",Plurigrid ğŸ›¸,plurigrid,2022-12-01T18:22:07.000Z,Thu Dec 01 18:22:07 +0000 2022,0,0,en,"<a href=""https://mobile.twitter.com"" rel=""nofollow"">Twitter Web App</a>",Retweet,https://iea.li/3VFsBuQ ,0,0,photo,https://pbs.twimg.com/media/Fi5fXWhXgAIYQz6.jpg,,,
1598291576455057408,@AntidoteDAO gm gm âš¡ï¸,Plurigrid ğŸ›¸,plurigrid,2022-12-01T12:23:01.000Z,Thu Dec 01 12:23:01 +0000 2022,1,0,en,"<a href=""https://mobile.twitter.com"" rel=""nofollow"">Twitter Web App</a>",Reply,,0,1,,,,,
1598276744615804928,"Plurigrid @JunoNetwork validator votes a resounding ""Yes!"" on ""Proposal #59: Fund only open source software""

Any public funding pool that derives its value from public's participation needs to create Digital Public Goods that serve &amp; answer to the public!
https://t.co/u1APVhe1wT https://t.co/4HIug8MNcW",Plurigrid ğŸ›¸,plurigrid,2022-12-01T11:24:05.000Z,Thu Dec 01 11:24:05 +0000 2022,3,2,en,"<a href=""https://mobile.twitter.com"" rel=""nofollow"">Twitter Web App</a>",Tweet,https://opensource.org/licenses ,0,1,photo,https://pbs.twimg.com/media/Fi44LbXXoAYu24D.jpg,,,
1598026159555739648,"RT @hdevalence : the year is 2025. you sideload new firmware onto your stove that uses its integrated battery to sell frequency response to the power grid, earning enough to cover the cost of electricity for cooking https://t.co/7iekCEESYC",Plurigrid ğŸ›¸,plurigrid,2022-11-30T18:48:20.000Z,Wed Nov 30 18:48:20 +0000 2022,0,0,en,"<a href=""https://mobile.twitter.com"" rel=""nofollow"">Twitter Web App</a>",Retweet,https://twitter.com/sdamico/status/1592553451116171264 ,0,0,,,,,
1595966964559929344,"@dieterthemieter We are Active ğŸ«¡
DBE308586252698C2CA8CE1F33BB49CBE34896C55E99ABF44B3106A681100FF0",Plurigrid ğŸ›¸,plurigrid,2022-11-25T02:25:50.000Z,Fri Nov 25 02:25:50 +0000 2022,0,0,en,"<a href=""https://mobile.twitter.com"" rel=""nofollow"">Twitter Web App</a>",Reply,,0,1,,,,,
1595516029412614144,"We are happy to participate in @namadanetwork trusted ceremony! ğŸ´ Using Plurigrid Protocol to seize the means of coordination in transactive energy will not be safe in hostile jurisdictions.

We therefore see Privacy as an essential piece of energy sovereignty / independence. ğŸ‘€ https://t.co/TYkIsJy2ES",Plurigrid ğŸ›¸,plurigrid,2022-11-23T20:33:59.000Z,Wed Nov 23 20:33:59 +0000 2022,6,2,en,"<a href=""https://mobile.twitter.com"" rel=""nofollow"">Twitter Web App</a>",Tweet,,0,1,photo,https://pbs.twimg.com/media/FiRoQMrUAAAj9we.jpg,,,
1593642139258265600,"@glynhudson Ser, you are our e-gen of the day! âš¡ï¸

Thank you for this illuminating thread ğŸ™ğŸ’¡",Plurigrid ğŸ›¸,plurigrid,2022-11-18T16:27:49.000Z,Fri Nov 18 16:27:49 +0000 2022,0,0,en,"<a href=""https://mobile.twitter.com"" rel=""nofollow"">Twitter Web App</a>",Reply,,0,1,,,,,
1593641022890074112,"Electricity is powerful. âš¡ï¸ However, if you need a refresher, fantastic introduction to foundational concepts for alternating current &amp; energy monitoring from @openenergymon ğŸ‘€

Digital Public Goods are Good. @DPGAlliance 
https://t.co/2mJxjtch1G https://t.co/gDnXBAH6HF",Plurigrid ğŸ›¸,plurigrid,2022-11-18T16:23:22.000Z,Fri Nov 18 16:23:22 +0000 2022,1,0,en,"<a href=""https://mobile.twitter.com"" rel=""nofollow"">Twitter Web App</a>",Tweet,https://learn.openenergymonitor.org/electricity-monitoring/ac-power-theory/introduction ,0,2,photo,https://pbs.twimg.com/media/Fh2-IB2UYAAMS4I.jpg,,,
1593637157393965056,"ğŸª«ğŸª«ğŸª« imagine not having enough electricity access to even charge your phone. ğŸ”Œ

It does not have to be this way.â˜€ï¸ğŸŒ¬ï¸ğŸ“² #energytwitter https://t.co/5K7aKRC184 https://t.co/jB2pPUk04B",Plurigrid ğŸ›¸,plurigrid,2022-11-18T16:08:01.000Z,Fri Nov 18 16:08:01 +0000 2022,2,0,en,"<a href=""https://mobile.twitter.com"" rel=""nofollow"">Twitter Web App</a>",Tweet,https://twitter.com/IEA/status/1589222326180143105 ,1,0,photo,https://pbs.twimg.com/media/Fh27E-AVsAAXRjk.jpg,,,
1593635242581323776,"RT @glynhudson : I've had a home battery installed for just over a week now, it's pretty phenomenal how it can run my whole house including the ASHP for 19hrs! It's a GivEnergy 9.5kWh AC coupled system, experience so far ğŸ”‹ğŸ§µ https://t.co/pG6GULuVPf",Plurigrid ğŸ›¸,plurigrid,2022-11-18T16:00:24.000Z,Fri Nov 18 16:00:24 +0000 2022,0,0,en,"<a href=""https://mobile.twitter.com"" rel=""nofollow"">Twitter Web App</a>",Retweet,,0,0,photo,https://pbs.twimg.com/media/FhzrtKlWQAQQMFk.jpg,,,
1593634775822401536,"Fantastic exposition of the transactive energy at the edge from @StanfordEnergy This small-scale opportunistically on-grid, sometimes off-grid mix is what will help us electrify the next 774M.

DER to DER ğŸ´ âš¡ï¸ #interoperability
https://t.co/ViN2KtA9Ts

/cc @DER_Task_Force @IEA",Plurigrid ğŸ›¸,plurigrid,2022-11-18T15:58:33.000Z,Fri Nov 18 15:58:33 +0000 2022,0,1,en,"<a href=""https://mobile.twitter.com"" rel=""nofollow"">Twitter Web App</a>",Reply,https://youtu.be/735OFZ0sKwY ,1,3,,,,,
1593630480838332417,"Â«The most ambitious goal (but highest benefit) for any standardization process is therefore to define and create an interoperability framework for these diverse BCTE platformsÂ»
#IBC is an interoperability protocol for communicating arbitrary data between arbitrary state machines. https://t.co/m9e7Q9lGIG",Plurigrid ğŸ›¸,plurigrid,2022-11-18T15:41:29.000Z,Fri Nov 18 15:41:29 +0000 2022,1,0,en,"<a href=""https://mobile.twitter.com"" rel=""nofollow"">Twitter Web App</a>",Tweet,https://twitter.com/BlockchainIEEE/status/1592958457615118336 ,1,0,,,,,
1593498076819312640,@OsmosisCC @osmosiszone @Transak righteous ğŸ«¶,Plurigrid ğŸ›¸,plurigrid,2022-11-18T06:55:21.000Z,Fri Nov 18 06:55:21 +0000 2022,0,0,en,"<a href=""https://mobile.twitter.com"" rel=""nofollow"">Twitter Web App</a>",Reply,,0,3,,,,,
1593487544506732545,"Decentralized peer-to-peer prosumer transactive energy in sovereign microgrids runs into physics of distance.

Mutual credit allows for new trajectories and timescales that can connect e-gens who are far apart to still coordinate in ways that match their intent.
#energytwitter âš¡ï¸",Plurigrid ğŸ›¸,plurigrid,2022-11-18T06:13:30.000Z,Fri Nov 18 06:13:30 +0000 2022,2,1,en,"<a href=""https://mobile.twitter.com"" rel=""nofollow"">Twitter Web App</a>",Tweet,,1,0,,,,,
1593283277162283010,"Power to the People ğŸ”‹ğŸ¤–â˜¯ï¸
https://t.co/QqtDsuFrVZ",Plurigrid ğŸ›¸,plurigrid,2022-11-17T16:41:49.000Z,Thu Nov 17 16:41:49 +0000 2022,2,1,en,"<a href=""https://mobile.twitter.com"" rel=""nofollow"">Twitter Web App</a>",Tweet,https://www.noemamag.com/who-gave-the-battery-such-power/ ,0,0,,,,,
1592758653576417280,"RT @EthereumOnARM : To put things into perspective, here is a benchmark ran by @jcrtp_eth comparing it with the Raspberry Pi 4.

We ran the pibenchmarks storage script as well scoring &gt;27,000 (didn't see any Pi above 9,000).

https://t.co/ZxYN53G6uk",Plurigrid ğŸ›¸,plurigrid,2022-11-16T05:57:09.000Z,Wed Nov 16 05:57:09 +0000 2022,0,0,en,"<a href=""https://mobile.twitter.com"" rel=""nofollow"">Twitter Web App</a>",Retweet,https://browser.geekbench.com/v5/cpu/compare/15084394?baseline=11289977 ,0,1,,,,,
1592758635943247874,"RT @EthereumOnARM : This little beast just synced the #Ethereum mainnet in 19 hours (@go_ethereum).

It is a @theradxa Rock 5B ARM board with a @IloveRockchip RK3588 CPU, 16 GB RAM &amp; 4x NVMe.

This board is a breakthrough &amp; will allow to run post-merge ARM nodes with all available clients.

+info ğŸ‘‡ https://t.co/s877Af08Ii",Plurigrid ğŸ›¸,plurigrid,2022-11-16T05:57:05.000Z,Wed Nov 16 05:57:05 +0000 2022,0,0,en,"<a href=""https://mobile.twitter.com"" rel=""nofollow"">Twitter Web App</a>",Retweet,,1,3,photo,https://pbs.twimg.com/media/FTlrAMNWIAAfH8f.jpg,,,
1592758028969082880,https://t.co/s6koyz854v,Plurigrid ğŸ›¸,plurigrid,2022-11-16T05:54:40.000Z,Wed Nov 16 05:54:40 +0000 2022,0,0,zxx,"<a href=""https://mobile.twitter.com"" rel=""nofollow"">Twitter Web App</a>",Reply,https://twitter.com/daniel_eckler/status/1592533122830114816?s=20&t=BxU0vWWciqtHVdtLD1C9ww ,0,0,,,,,
1592751287447478273,"Live inpainting an elephant onto a tree using #StableDiffusion? Not science fiction. ğŸ˜ğŸŒ³âœ¨

Inpaint your electric pole or roof with what you'd like to see on it, e-gen! âš¡ï¸

ğŸ”‹?
ğŸŒ¬ï¸?
ğŸ›°ï¸?

Post results in this thread for ğŸ—ï¸ to Dec 5 DERference @ NYC.

#HighVoltageDirectCurrent https://t.co/38Erz43okp",Plurigrid ğŸ›¸,plurigrid,2022-11-16T05:27:53.000Z,Wed Nov 16 05:27:53 +0000 2022,2,0,en,"<a href=""https://mobile.twitter.com"" rel=""nofollow"">Twitter Web App</a>",Tweet,https://twitter.com/daniel_eckler/status/1592533133366218752 ,2,0,,,,,
1592750754351452161,"RT @bmorphism : Preparing for @Plurigrid participation in @namadanetwork trusted setup ceremony -- @caseorganic recording noise by Palo Verde Generation Station â˜¢ï¸ğŸ­ğŸ²

We work to make Universal Basic Electricity âš¡ï¸ a sustainable human right, and key to that is Privacy for e-gens everywhere ğŸŒ https://t.co/fMV4inmjW2 https://t.co/PGczSuo7Cf",Plurigrid ğŸ›¸,plurigrid,2022-11-16T05:25:46.000Z,Wed Nov 16 05:25:46 +0000 2022,0,0,en,"<a href=""https://mobile.twitter.com"" rel=""nofollow"">Twitter Web App</a>",Retweet,https://twitter.com/i/web/status/1592672042297745409 ,0,3,photo,https://pbs.twimg.com/media/FhpNHg8UcAAnBaf.jpg,,,
1592750453221388288,"Live inpainting an elephant onto a tree using #StableDiffusion? Not science fiction. ğŸ˜ğŸŒ³âœ¨

Inpaint your electric pole or roof with what you'd like to see on it, e-gen! âš¡ï¸

ğŸ”‹?
ğŸŒ¬ï¸?
ğŸ›°ï¸?

Post results in this thread for Dec 5 DERference @ NYC.

#HighVoltageDirectCurrent",Plurigrid ğŸ›¸,plurigrid,2022-11-16T05:24:34.000Z,Wed Nov 16 05:24:34 +0000 2022,3,0,en,"<a href=""https://mobile.twitter.com"" rel=""nofollow"">Twitter Web App</a>",Tweet,,2,0,,,,,
1592748770915418112,"RT @IEA : Explore our new special report on Coal in Net Zero Transitions  â¬‡ï¸ 

Press Release â†’ https://t.co/oQIpZdz8re 
Executive summary â†’ https://t.co/XGVhoRNVP4 
Policy messages â†’ https://t.co/xmnT4O70Ug 
Coal emissions by region â†’  https://t.co/jTORUIQulI https://t.co/sxhXsAN2kC",Plurigrid ğŸ›¸,plurigrid,2022-11-16T05:17:53.000Z,Wed Nov 16 05:17:53 +0000 2022,0,0,en,"<a href=""https://mobile.twitter.com"" rel=""nofollow"">Twitter Web App</a>",Retweet,https://iea.li/3GmhD91 https://iea.li/3AfDSti https://iea.li/3AjQGit https://iea.li/3EAPdae ,0,0,photo,https://pbs.twimg.com/media/FhnjGQSXgAcGvJm.jpg,,,
1589670361175838720,"RT @bmorphism : When central planners fail us, it is time to seize the means of coordination! ğŸ´

Thanks to everyone who had heard @caseorganic and myself set forth the @Plurigrid vision for the coming paradigm shift in transactive energy.
âš¡ï¸ğŸŒ #SFTechWeek

ğŸ“§ gm@plurigrid.xyz https://t.co/G3T5qj9LPD https://t.co/lpsj8g0NHI",Plurigrid ğŸ›¸,plurigrid,2022-11-07T17:25:23.000Z,Mon Nov 07 17:25:23 +0000 2022,0,0,en,"<a href=""https://mobile.twitter.com"" rel=""nofollow"">Twitter Web App</a>",Retweet,https://twitter.com/IEA/status/1589222326180143105 ,1,2,photo,https://pbs.twimg.com/media/Fg-gFocUUAAcgPi.jpg,,,
1589212553426898945,"RT @PhilippTrotter : 4/n Countries' energy system starting points are very different. For some countries, clear development synergies exist when focusing on renewables (e.g.ğŸ‡ªğŸ‡¹ğŸ‡°ğŸ‡ªğŸ‡³ğŸ‡¦ğŸ‡¿ğŸ‡¦). But for others (e.g.ğŸ‡¸ğŸ‡³ğŸ‡¨ğŸ‡¬ğŸ‡²ğŸ‡¿), there are large uncertainties how to best get to clean energy systems long-term. https://t.co/wwmFYtug1W",Plurigrid ğŸ›¸,plurigrid,2022-11-06T11:06:13.000Z,Sun Nov 06 11:06:13 +0000 2022,0,0,en,"<a href=""https://mobile.twitter.com"" rel=""nofollow"">Twitter Web App</a>",Retweet,,0,0,photo,https://pbs.twimg.com/media/FgJf9cLXoAEMV2n.jpg,,,
1589209191037927425,RT @sebastiansterl : (4/9) How do we prevent bloated models that still achieve a good spatial resolution in VRE investment options? Our â€œModel Supply Regionsâ€ (MSRs) provide an answer. They represent each countryâ€™s top notch resource regions in terms of the expected LCOE of future power plants there. https://t.co/T0BU6SfbHp,Plurigrid ğŸ›¸,plurigrid,2022-11-06T10:52:51.000Z,Sun Nov 06 10:52:51 +0000 2022,0,0,en,"<a href=""https://mobile.twitter.com"" rel=""nofollow"">Twitter Web App</a>",Retweet,,0,0,photo,https://pbs.twimg.com/media/FgbFQxOWYAM0Q-t.jpg,,,
1587612832308162560,"When innovating in cyber-physical systems, mistakes could have far-reaching implications. To manage risk, the framework to use is #assurance. âš¡ï¸ğŸ”‹ğŸ¤–

Our team are at @thesfcommons &amp; would love to chat about decentralized microgrid planning! #SFTechWeek 

https://t.co/OGGWgzuGPP",Plurigrid ğŸ›¸,plurigrid,2022-11-02T01:09:30.000Z,Wed Nov 02 01:09:30 +0000 2022,3,0,en,"<a href=""https://mobile.twitter.com"" rel=""nofollow"">Twitter Web App</a>",Tweet,https://lu.ma/bitstoatoms ,2,1,,,,,
1586306807915421696,"{...} baseline cybersecurity goals that are consistent across all critical infrastructure sectors, as well as a need for security controls for select critical infrastructure that is dependent on control systems.
https://t.co/Lq3sY6viMA",Plurigrid ğŸ›¸,plurigrid,2022-10-29T10:39:49.000Z,Sat Oct 29 10:39:49 +0000 2022,0,0,en,"<a href=""https://mobile.twitter.com"" rel=""nofollow"">Twitter Web App</a>",Tweet,https://github.com/cisagov/cybersecurity-performance-goals ,0,0,,,,,
1586277269919526913,"Life comes at you fast, yet access to electricity is no longer optional - it is a Universal Basic Affordance (e.g. to read this site!)

We are happy to announce that our first Universal Basic Electricity perpetual rebate goes to: ğ™ğ™–ğ™ğ™ªğ™¡ ğ™‡ğ™ğ™œğ™¢ğ™– https://t.co/khCKuLGc1h",Plurigrid ğŸ›¸,plurigrid,2022-10-29T08:42:27.000Z,Sat Oct 29 08:42:27 +0000 2022,5,1,en,"<a href=""https://mobile.twitter.com"" rel=""nofollow"">Twitter Web App</a>",Tweet,,0,0,photo,https://pbs.twimg.com/media/FgOWZKxUUAAqYsx.jpg,,,
1586211968808984577,"gm, e-gens! ğŸ”‹âš¡ï¸

We are building coordination tools for decentralized smart grids and aim to bring Public Goods funding and dynamism to critical infrastructure.

Now, you can delegate to our new and active @JunoNetwork validator here:
https://t.co/26kSjV4ezT",Plurigrid ğŸ›¸,plurigrid,2022-10-29T04:22:58.000Z,Sat Oct 29 04:22:58 +0000 2022,3,2,en,"<a href=""https://mobile.twitter.com"" rel=""nofollow"">Twitter Web App</a>",Tweet,https://wallet.keplr.app/chains/juno?modal=validator&chain=juno-1&validator_address=junovaloper184faqy958htcwzhgxqrpv0e3kcwhr3yqzqst0f ,0,1,,,,,
1578009872175493120,"RT @bmorphism : Had the pleasure and the privilege to speak w/ @metagov_project about @Plurigrid, microgrid coordination and what energy sovereignty means in our current predicament - check it out and let me know if you would like to join our Season 1 â¬‡ï¸ğŸ”ŒğŸŒ

https://t.co/BDgs7meE8x",Plurigrid ğŸ›¸,plurigrid,2022-10-06T13:10:46.000Z,Thu Oct 06 13:10:46 +0000 2022,0,0,en,"<a href=""https://mobile.twitter.com"" rel=""nofollow"">Twitter Web App</a>",Retweet,https://archive.org/details/shorttalks-metagov-20221005 ,0,2,,,,,
1577036811368509441,"@emojicanava @duvan120_duvan This, too, is Plurigrid. ğŸŒğŸ›¸ https://t.co/ZBKQ1kboHQ",Plurigrid ğŸ›¸,plurigrid,2022-10-03T20:44:10.000Z,Mon Oct 03 20:44:10 +0000 2022,4,1,en,"<a href=""https://mobile.twitter.com"" rel=""nofollow"">Twitter Web App</a>",Reply,,0,2,photo,https://pbs.twimg.com/media/FeLCX3IXEA0B2hO.png,,,
1577035093692256256,"RT @emojicanava : ğŸ“¢NEW: ""Data-driven distributed voltage control for microgrids: A Koopman-based approach"" in IJEPES

Nice work with Wladimir Toro-Tovar, Duvan Tellez-Castro @duvan120_duvan , and Naly Rakoto
Free download until Nov 22/22.  https://t.co/AOXWBu5QaU https://t.co/wZ99mFKY9A",Plurigrid ğŸ›¸,plurigrid,2022-10-03T20:37:20.000Z,Mon Oct 03 20:37:20 +0000 2022,0,0,en,"<a href=""https://mobile.twitter.com"" rel=""nofollow"">Twitter Web App</a>",Retweet,https://authors.elsevier.com/c/1fs2pWJH6ZZ4v#.Yzs8tsNU8YE.twitter ,0,1,photo,https://pbs.twimg.com/media/FeK2_72X0AAzAEC.jpg,,,
1575921815570247680,RT @angrymouse_hns : @gregosuri @bogdanpopey1 @akashnet_ Plus decentralized energy and decentralized internet will most likely happen in next 50 years (@helium and @plurigrid/@dex_grid are already trying to solve this complex but possible problem),Plurigrid ğŸ›¸,plurigrid,2022-09-30T18:53:34.000Z,Fri Sep 30 18:53:34 +0000 2022,0,0,en,"<a href=""https://mobile.twitter.com"" rel=""nofollow"">Twitter Web App</a>",Retweet,,0,6,,,,,
1571648355113271299,"RT @MITSloanCrypto : Check out @BacalhauProject presenting at @DeSciBoston 

Unbelievable large scale compute over data https://t.co/dy6ePyU6o8",Plurigrid ğŸ›¸,plurigrid,2022-09-18T23:52:22.000Z,Sun Sep 18 23:52:22 +0000 2022,0,0,en,"<a href=""https://mobile.twitter.com"" rel=""nofollow"">Twitter Web App</a>",Retweet,,0,2,photo,https://pbs.twimg.com/media/Fc9K4tLagAEhk6T.jpg,,,
1570765203771654149,"Dear e-gens, @Plurigrid is on #GR15! ğŸ’¡

Support us here:
https://t.co/a1sSEcqmH3

We build open-source interoperable control systems: simulation, categorical cybernetics, and open games public goods to stabilize the grid and give communities agency in energy mix selection. ğŸŒâš¡ï¸ https://t.co/Oj6o7r7glS",Plurigrid ğŸ›¸,plurigrid,2022-09-16T13:23:02.000Z,Fri Sep 16 13:23:02 +0000 2022,10,2,en,"<a href=""https://mobile.twitter.com"" rel=""nofollow"">Twitter Web App</a>",Tweet,https://gitcoin.co/grants/7764/plurigrid ,1,1,photo,https://pbs.twimg.com/media/Fcx3OnWWIAY3xFP.jpg,,,
1569667224981602305,I am verifying my ownership of Plurigrid on Gitcoin Grants at https://t.co/a1sSEcqmH3. ğŸ‘ğŸˆâš¡ğŸ‘ğŸ†ğŸ‰,Plurigrid ğŸ›¸,plurigrid,2022-09-13T12:40:04.000Z,Tue Sep 13 12:40:04 +0000 2022,0,0,en,"<a href=""https://mobile.twitter.com"" rel=""nofollow"">Twitter Web App</a>",Tweet,https://gitcoin.co/grants/7764/plurigrid ,0,0,,,,,
1569496699961483266,https://t.co/Chgg3kPuO6,Plurigrid ğŸ›¸,plurigrid,2022-09-13T01:22:27.000Z,Tue Sep 13 01:22:27 +0000 2022,0,0,zxx,"<a href=""https://mobile.twitter.com"" rel=""nofollow"">Twitter Web App</a>",Reply,https://github.com/anoma/masp#audits ,0,0,,,,,
1567467048560906240,"@NREL simulation tooling is already quite excellent!
Our technology goal is to create a flexible set of strategy profiles as applied to the optimal control setting specific to geography anywhere on the planet (existing grid or not), that incorporates intent of constituencies! https://t.co/ZPRMTBsQ5d",Plurigrid ğŸ›¸,plurigrid,2022-09-07T10:57:21.000Z,Wed Sep 07 10:57:21 +0000 2022,0,0,en,"<a href=""https://mobile.twitter.com"" rel=""nofollow"">Twitter Web App</a>",Tweet,,0,1,photo,https://pbs.twimg.com/media/FcDCaO_acAAuJjC.jpg,,,
1567450922120548353,@jeffemmett it is known! ğŸ„,Plurigrid ğŸ›¸,plurigrid,2022-09-07T09:53:16.000Z,Wed Sep 07 09:53:16 +0000 2022,2,0,en,"<a href=""https://mobile.twitter.com"" rel=""nofollow"">Twitter Web App</a>",Reply,,0,1,,,,,
1567274364768497666,"RT @BPBartholomew : An Emergency Alert 2 has already been declared for 1600-2100 today. This is the final step before the grid operator instructs utilities to begin cutting power to customers.

https://t.co/IoATLbYcQP",Plurigrid ğŸ›¸,plurigrid,2022-09-06T22:11:41.000Z,Tue Sep 06 22:11:41 +0000 2022,0,0,en,"<a href=""https://mobile.twitter.com"" rel=""nofollow"">Twitter Web App</a>",Retweet,https://twitter.com/California_ISO/status/1567260143800180736?s=20&t=e4WBl_wIJM8LfHv1lFxGpA ,0,0,,,,,
1567274325727940608,"RT @BPBartholomew : Day-ahead prices cleared over $1,000/MWh in the top two hours today and tomorrow, with adjacent-hour pricing not far behind. 

CAISO forecast a potential 3GWh shortfall in supply across the top evening hours tonight. Demand is running well above forecast. https://t.co/TcDJqoobYy",Plurigrid ğŸ›¸,plurigrid,2022-09-06T22:11:32.000Z,Tue Sep 06 22:11:32 +0000 2022,0,0,en,"<a href=""https://mobile.twitter.com"" rel=""nofollow"">Twitter Web App</a>",Retweet,,0,0,photo,https://pbs.twimg.com/media/FcAHiiTWYAAkJwB.png,,,
1567274184937701376,"RT @BPBartholomew : The California grid faces another massive challenge this evening. 

CAISO kept the lights on last night as electricity demand surpassed levels last seen in the August 2020 blackouts. Load is forecast to test all-time records today through Thursday. https://t.co/M7KelvVVTd",Plurigrid ğŸ›¸,plurigrid,2022-09-06T22:10:58.000Z,Tue Sep 06 22:10:58 +0000 2022,0,0,en,"<a href=""https://mobile.twitter.com"" rel=""nofollow"">Twitter Web App</a>",Retweet,,0,0,photo,https://pbs.twimg.com/media/Fb_yd66XEAAqXM2.png,,,
1566575735627583488,RT @owocki : pluralism is the new punk,Plurigrid ğŸ›¸,plurigrid,2022-09-04T23:55:35.000Z,Sun Sep 04 23:55:35 +0000 2022,0,0,en,"<a href=""https://mobile.twitter.com"" rel=""nofollow"">Twitter Web App</a>",Retweet,,0,0,,,,,
1566569318581559296,"RT @bmorphism : This, in fact, is the @Plurigrid thesis of energy mix pluralism â¬‡ï¸ The rest of it, by no means trivial, is how we get from here to a planetary scale commons that makes energy sovereignty and reliable grid a practical reality for all! ğŸ¤–ğŸ”‹ğŸŒ https://t.co/VICi9dFwvh https://t.co/ysdAxjQhdJ",Plurigrid ğŸ›¸,plurigrid,2022-09-04T23:30:05.000Z,Sun Sep 04 23:30:05 +0000 2022,0,0,en,"<a href=""https://mobile.twitter.com"" rel=""nofollow"">Twitter Web App</a>",Retweet,https://twitter.com/bmorphism/status/1566518473345286144 ,0,1,photo,https://pbs.twimg.com/media/Fb2QLYmUIAEimCd.jpg,,,
1566251640578904064,"@DonCryptonium competition and cooperation, like the yin and the yang, best work in tandem;

there is a bigger story to this picture and European energy mix, indeed, not one entity is an island ğŸŒ one planet",Plurigrid ğŸ›¸,plurigrid,2022-09-04T02:27:45.000Z,Sun Sep 04 02:27:45 +0000 2022,1,0,en,"<a href=""https://mobile.twitter.com"" rel=""nofollow"">Twitter Web App</a>",Reply,,0,1,,,,,
1566249640344768513,"RT @AriPeskoe : The Department of Energy and FERC have at least 16 open proceedings, funding opportunities, or studies on transmission development and oversight. 
Hereâ€™s my attempt to catalog them all, starting with FERC rules, other FERC proceedings, US DOE $$$, and finally DOE studies.
ğŸ§µ",Plurigrid ğŸ›¸,plurigrid,2022-09-04T02:19:48.000Z,Sun Sep 04 02:19:48 +0000 2022,0,0,en,"<a href=""https://mobile.twitter.com"" rel=""nofollow"">Twitter Web App</a>",Retweet,,0,0,,,,,
1566195642342420482,RT @doescience : Photosynthesis is all about converting sunlight to food. But what happens in the shade? New research from @Yale and @penn_state shows how some bacteria can change their photosynthesizing chlorophyll to work in the shadows: https://t.co/wkjIJXyo3k https://t.co/kEMBLdxPXE,Plurigrid ğŸ›¸,plurigrid,2022-09-03T22:45:14.000Z,Sat Sep 03 22:45:14 +0000 2022,0,0,en,"<a href=""https://mobile.twitter.com"" rel=""nofollow"">Twitter Web App</a>",Retweet,https://www.energy.gov/science/bes/articles/understanding-secrets-photosynthesis-shade ,0,2,photo,https://pbs.twimg.com/media/Fbw-lm7X0AI7x0w.jpg,,,
1566011932989014016,energy sovereignty,Plurigrid ğŸ›¸,plurigrid,2022-09-03T10:35:14.000Z,Sat Sep 03 10:35:14 +0000 2022,3,2,en,"<a href=""https://mobile.twitter.com"" rel=""nofollow"">Twitter Web App</a>",Tweet,,0,0,,,,,
1564651784089481216,"RT @bmorphism : From #DWebCamp to #CeloCamp! ğŸ’¡â›ºï¸

mobile phones, light clients, and #DID rule the day!
ğŸ“±ğŸ“±ğŸ“±ğŸ‘€

- censorship resistance
- peer discovery
- network effects

Will this be the Camp that ships @CeloOrg &lt;&gt; #IBC? ğŸ¤« https://t.co/JMWCJFb7L9",Plurigrid ğŸ›¸,plurigrid,2022-08-30T16:30:29.000Z,Tue Aug 30 16:30:29 +0000 2022,0,0,en,"<a href=""https://mobile.twitter.com"" rel=""nofollow"">Twitter Web App</a>",Retweet,https://twitter.com/CeloOrg/status/1564643863049998338 ,4,1,,,,,
1560306692268576768,"RT @IEEESA : The Rise of Time-Sensitive Networking (TSN) in Automobiles, Industrial Automation, and #Aviation 

@InComplianceMag

https://t.co/THIoYNv4iq",Plurigrid ğŸ›¸,plurigrid,2022-08-18T16:44:39.000Z,Thu Aug 18 16:44:39 +0000 2022,0,0,en,"<a href=""https://mobile.twitter.com"" rel=""nofollow"">Twitter Web App</a>",Retweet,https://incompliancemag.com/article/the-rise-of-time-sensitive-networking-tsn-in-automobiles-industrial-automation-and-aviation/?utm_campaign=coschedule&utm_source=twitter&utm_medium=IEEESA ,1,1,,,,,
1560163953124134912,.@wynddao ğŸŒ¬,Plurigrid ğŸ›¸,plurigrid,2022-08-18T07:17:27.000Z,Thu Aug 18 07:17:27 +0000 2022,0,0,und,"<a href=""https://mobile.twitter.com"" rel=""nofollow"">Twitter Web App</a>",Reply,,0,1,,,,,
1560163805748813824,"ğŸ’¡

Markov chain Monte Carlo (MCMC) methods are widely used to summarize complicated posterior distributions in Bayesian statistics and econometrics. The aim is to get useful marginal likelihood using posterior simulator output. âœ¨ğŸ²

#energy #simulation

https://t.co/Mu8EQkRd9b",Plurigrid ğŸ›¸,plurigrid,2022-08-18T07:16:52.000Z,Thu Aug 18 07:16:52 +0000 2022,1,1,en,"<a href=""https://mobile.twitter.com"" rel=""nofollow"">Twitter Web App</a>",Tweet,https://www.sciencedirect.com/science/article/abs/pii/S0378779615003922 ,2,0,,,,,
1559673482585116672,"RT @CelestiaOrg : EVM, WASM, Move.

On Celestia, the choice will be yours. https://t.co/iZXw68Wxbr",Plurigrid ğŸ›¸,plurigrid,2022-08-16T22:48:30.000Z,Tue Aug 16 22:48:30 +0000 2022,0,0,en,"<a href=""https://mobile.twitter.com"" rel=""nofollow"">Twitter Web App</a>",Retweet,,0,0,photo,https://pbs.twimg.com/media/FaTiauZUIAE8Udo.jpg,,,
1559668889910251521,"ğŸ’¡
Physical &lt;&gt; Smart grid interface can be treacherous, and even with sensors, some amount of inspector participation is needed. How does one make inspector tooling that integrates w/ @CelestiaOrg @CosmWasm and prevents fraud and corruption?

Birbs! ğŸ§

https://t.co/BjgBb6A3XQ",Plurigrid ğŸ›¸,plurigrid,2022-08-16T22:30:15.000Z,Tue Aug 16 22:30:15 +0000 2022,0,0,en,"<a href=""https://mobile.twitter.com"" rel=""nofollow"">Twitter Web App</a>",Tweet,https://github.com/Plurigrid/birbs/blob/main/%E9%81%93.md ,0,2,,,,,
1559123278903488512,"RT @IEA : Electricity prices are skyrocketing around the ğŸŒ, more than tripling in many markets.

In the first half of 2022, average natural gas prices in Europe were 4 times as high as in the same period in 2021, while coal prices were more than 3 times as high ğŸ‘‰ https://t.co/hEr04lYYM4 https://t.co/LJNFRGDISw",Plurigrid ğŸ›¸,plurigrid,2022-08-15T10:22:11.000Z,Mon Aug 15 10:22:11 +0000 2022,0,0,en,"<a href=""https://mobile.twitter.com"" rel=""nofollow"">Twitter Web App</a>",Retweet,https://iea.li/3dxAz8g ,0,0,photo,https://pbs.twimg.com/media/FaMV26jWYAA1fO0.jpg,,,
1558178867931557888,"RT @jfslowik : TOMORROW I'll go over SEVEN (!) years of electric sector attacks in Ukraine, from #BlackEnergy3 to #Industroyer2, at the #DEFCON30 @ICS_Village! https://t.co/K6qnB9DEdA",Plurigrid ğŸ›¸,plurigrid,2022-08-12T19:49:26.000Z,Fri Aug 12 19:49:26 +0000 2022,0,0,en,"<a href=""https://mobile.twitter.com"" rel=""nofollow"">Twitter Web App</a>",Retweet,,3,1,photo,https://pbs.twimg.com/media/FZ-dGI5VsAETEfa.jpg,,,
1558178846985269248,RT @cutaway : â¦@DefenseDigitalâ© Hack the Microgrid is up and running. Swing by the â¦@defconâ© â¦@ICS_Villageâ© and join in the pwnage https://t.co/4swEFDbhXO,Plurigrid ğŸ›¸,plurigrid,2022-08-12T19:49:21.000Z,Fri Aug 12 19:49:21 +0000 2022,0,0,en,"<a href=""https://mobile.twitter.com"" rel=""nofollow"">Twitter Web App</a>",Retweet,,0,3,photo,https://pbs.twimg.com/media/FZ-kKUeXkAARgAg.jpg,,,
1555702448857067521,"@JoeAbbey ğŸ’¡ from here we go multiscale ğŸ––

https://t.co/BiYhjQAWgl",Plurigrid ğŸ›¸,plurigrid,2022-08-05T23:49:02.000Z,Fri Aug 05 23:49:02 +0000 2022,1,0,en,"<a href=""https://mobile.twitter.com"" rel=""nofollow"">Twitter Web App</a>",Reply,https://www.youtube.com/watch?v=COlxVak4dnk ,0,1,,,,,
1554231544016867329,"RT @avt_im : Announcing the 2022 NeurIPS Workshop on Gaussian Processes, Spatiotemporal Modeling, and Decision-making Systems!

Please consider submitting a 4-page extended abstract by September 22nd!

https://t.co/sNCTKiy0z9

Thanks to amazing organizers @gpleiss, @liza_p_semenova, @ziwphd https://t.co/QxstO6LlaN",Plurigrid ğŸ›¸,plurigrid,2022-08-01T22:24:10.000Z,Mon Aug 01 22:24:10 +0000 2022,0,0,en,"<a href=""http://twitter.com/download/iphone"" rel=""nofollow"">Twitter for iPhone</a>",Retweet,https://gp-seminar-series.github.io/neurips-2022/ ,0,3,photo,https://pbs.twimg.com/media/FZF5BViXEAADfgP.jpg,,,
1553585221659832320,@GriffithSaul @leahstokes @MichaelEMann @CoveringClimate ALL. THE. THINGS. âš¡ï¸,Plurigrid ğŸ›¸,plurigrid,2022-07-31T03:35:55.000Z,Sun Jul 31 03:35:55 +0000 2022,1,0,en,"<a href=""http://twitter.com/download/iphone"" rel=""nofollow"">Twitter for iPhone</a>",Reply,,0,4,,,,,
1553539578308333568,"RT @plurigrid : @AtlasCafe_SF @InfiniteSn4ke *Energy Coordination Commons for the widest plurality of energy users; thanks for the shoutout! âš¡ï¸ğŸŒ

In seeking to maintain verifiable neutrality we need to serve the needs of all (PoW maxis too @jack), without advantaging any!

https://t.co/a9Yk98HkX9

@technology @business",Plurigrid ğŸ›¸,plurigrid,2022-07-31T00:34:33.000Z,Sun Jul 31 00:34:33 +0000 2022,0,0,en,"<a href=""https://mobile.twitter.com"" rel=""nofollow"">Twitter Web App</a>",Retweet,https://youtu.be/DN1mPBQd7fY ,0,5,,,,,
1553539509152714754,"@AtlasCafe_SF @InfiniteSn4ke *Energy Coordination Commons for the widest plurality of energy users; thanks for the shoutout! âš¡ï¸ğŸŒ

In seeking to maintain verifiable neutrality we need to serve the needs of all (PoW maxis too @jack), without advantaging any!

https://t.co/a9Yk98HkX9

@technology @business",Plurigrid ğŸ›¸,plurigrid,2022-07-31T00:34:17.000Z,Sun Jul 31 00:34:17 +0000 2022,4,1,en,"<a href=""https://mobile.twitter.com"" rel=""nofollow"">Twitter Web App</a>",Reply,https://youtu.be/DN1mPBQd7fY ,0,5,,,,,
1553041850335776769,"@mikemunsell @workonclimate @DER_Task_Force @ClimateTown @mcjcollective @Tofu @AlderAgency @SophiaCowles @MelAdamson @bluegreenblog @CanaryMediaInc At @Plurigrid we are building a pluralistic Energy Coordination Commons, and would like to welcome the esteemed organizations listed and, really, everyone to our @OrbisClub community! âš¡ï¸

Let's make access to clean energy a universal human right! ğŸ‡ºğŸ‡³

https://t.co/L5oPljt74g",Plurigrid ğŸ›¸,plurigrid,2022-07-29T15:36:45.000Z,Fri Jul 29 15:36:45 +0000 2022,0,0,en,"<a href=""https://mobile.twitter.com"" rel=""nofollow"">Twitter Web App</a>",Reply,https://orbis.club/group/kjzl6cwe1jw147c8blur8rcamv0woxmtmtvuncn8k7wym8oj2k4q3a8lnxezzn6 ,0,12,,,,,
1553027404272062466,"RT @FinancialTimes : FT Exclusive: Developers in west London face a potential ban on new housing projects until 2035 because the electricity grid has run out of capacity to support new homes, jeopardising house building targets in the capital https://t.co/8ir7JsvJAs https://t.co/5KR33uWlXz",Plurigrid ğŸ›¸,plurigrid,2022-07-29T14:39:21.000Z,Fri Jul 29 14:39:21 +0000 2022,0,0,en,"<a href=""https://mobile.twitter.com"" rel=""nofollow"">Twitter Web App</a>",Retweet,https://on.ft.com/3zFTWoC ,0,0,photo,https://pbs.twimg.com/media/FYwBR5ZX0AAbpJ2.jpg,,,
1553024285970612224,RT @SecGranholm : Important work coming out of @NREL to improve the efficiency of solar cells. Our teams are working every day to meet our nationâ€™s net zero emissions goals. â˜€ï¸ https://t.co/nDjA3jjqSG,Plurigrid ğŸ›¸,plurigrid,2022-07-29T14:26:58.000Z,Fri Jul 29 14:26:58 +0000 2022,0,0,en,"<a href=""https://mobile.twitter.com"" rel=""nofollow"">Twitter Web App</a>",Retweet,https://twitter.com/NREL/status/1534550876555190273 ,0,1,,,,,
1553022056790237185,"RT @rewiringamerica : IRA IRL, or The Electric Explainer: A helpful unpacking of the most promising programs in the Inflation Reduction Act and what they mean for all of us. âš¡ï¸âš¡ï¸âš¡ï¸https://t.co/oPH670jqqP",Plurigrid ğŸ›¸,plurigrid,2022-07-29T14:18:06.000Z,Fri Jul 29 14:18:06 +0000 2022,0,0,en,"<a href=""https://mobile.twitter.com"" rel=""nofollow"">Twitter Web App</a>",Retweet,https://www.rewiringamerica.org/policy/inflation-reduction-act ,0,0,,,,,
1552967277896577027,"RT @IEA : China propelled 2021's record number of electric car sales, with strong growth also seen in Europe &amp; US.

Sales in ğŸ‡¨ğŸ‡³ nearly tripled to 3.3 million, accounting for about 1/2 of global sales.

Explore the latest trends in Global EV Outlook 2022 ğŸ‘‰ https://t.co/kUfyf9qtBt https://t.co/ZrnnfPl5cF",Plurigrid ğŸ›¸,plurigrid,2022-07-29T10:40:26.000Z,Fri Jul 29 10:40:26 +0000 2022,0,0,en,"<a href=""http://twitter.com/download/iphone"" rel=""nofollow"">Twitter for iPhone</a>",Retweet,https://iea.li/3zqwA69 ,0,0,photo,https://pbs.twimg.com/media/FY05s0-XkAEyLzT.jpg,,,
1552952652182392834,"RT @KYVENetwork : â˜ï¸Â Calling all Korelliansâ€¦ a new mission is going live in T-minus 3 hours!

Get ready to submit as many transactions as you can on Mission Korellia between 12-1pm UTC.

Whoâ€™s ready? â¡ï¸Â https://t.co/54r2zj51BA https://t.co/3AwyE37INo",Plurigrid ğŸ›¸,plurigrid,2022-07-29T09:42:19.000Z,Fri Jul 29 09:42:19 +0000 2022,0,0,en,"<a href=""https://mobile.twitter.com"" rel=""nofollow"">Twitter Web App</a>",Retweet,https://app.kyve.network/#/korellia ,0,0,photo,https://pbs.twimg.com/media/FY0oyStWYAE7H2p.jpg,,,
1552863646513909761,Universal &amp; Pluralistic Energy Coordination Commons is needed to allow for better yield allocation â˜€ï¸ _and_ for value-aligned energy sources to be rewarded through intent-matching in programmable price for each consumer who needs to reach past their local microgrid â˜ï¸ğŸª« #IEEE2030,Plurigrid ğŸ›¸,plurigrid,2022-07-29T03:48:38.000Z,Fri Jul 29 03:48:38 +0000 2022,1,0,en,"<a href=""https://mobile.twitter.com"" rel=""nofollow"">Twitter Web App</a>",Reply,,1,0,,,,,
1552862761780416513,"Great example of a project that could one day participate in Plurigrid Energy Coordination Commons!

â¦¾ if the Commons is neutral, no participant gets an upper hand
â¦¿ if the Commons is pluralistic &amp; universal, it would also include opposing value sets (e.g. DeGrowth and nuclear) https://t.co/jlPK1KPJmq",Plurigrid ğŸ›¸,plurigrid,2022-07-29T03:45:07.000Z,Fri Jul 29 03:45:07 +0000 2022,5,1,en,"<a href=""https://mobile.twitter.com"" rel=""nofollow"">Twitter Web App</a>",Tweet,https://twitter.com/againstutopia/status/1552857526059810816 ,0,0,,,,,
1551706030941229057,"RT @SecGranholm : .@ENERGY has just announced 146 programs that support @POTUS' #Justice40 Initiative, which will help ensure that overburdened, underserved communities disproportionately impacted by the climate crisis will benefit from equitable clean energy deployment.
https://t.co/Iu6nY3aNqh",Plurigrid ğŸ›¸,plurigrid,2022-07-25T23:08:41.000Z,Mon Jul 25 23:08:41 +0000 2022,0,0,en,"<a href=""http://twitter.com/download/iphone"" rel=""nofollow"">Twitter for iPhone</a>",Retweet,https://www.energy.gov/diversity/justice40-initiative/covered-programs ,1,2,,,,,
1551485718970527744,"RT @againstutopia : We cannot rely on the state to save us 

Decentralized solutions to bring eg new forms of revenue, by pricing the complex contribution of ecology to human thriving (carbon sequestration, oxygen production, biodiversity, etc) are needed now more than ever 
https://t.co/aRR8YTgYCf",Plurigrid ğŸ›¸,plurigrid,2022-07-25T08:33:15.000Z,Mon Jul 25 08:33:15 +0000 2022,0,0,en,"<a href=""http://twitter.com/download/iphone"" rel=""nofollow"">Twitter for iPhone</a>",Retweet,https://www.theguardian.com/environment/2022/jul/23/democratic-republic-of-congo-auction-oil-gas-permits-endangered-gorilla-habitat-aoe ,0,0,,,,,
1551223006755557376,"RT @ownereconomy : @jamesyoung: ""I think we know what happens with incentives, what's important is that we ensure short, mid, and long term incentive alignment, cause you're doing it while the market is emerging... we had an opportunity early in our growth to take venture, but we decided not to... https://t.co/xHH14v2dwu",Plurigrid ğŸ›¸,plurigrid,2022-07-24T15:09:19.000Z,Sun Jul 24 15:09:19 +0000 2022,0,0,en,"<a href=""https://mobile.twitter.com"" rel=""nofollow"">Twitter Web App</a>",Retweet,,0,1,photo,https://pbs.twimg.com/media/FO35c_0WQAEZndM.jpg,,,
1550792625367592960,"How bad is it going to get this winter? ğŸŒ¨ğŸŒ

https://t.co/bf81xTbCSF",Plurigrid ğŸ›¸,plurigrid,2022-07-23T10:39:08.000Z,Sat Jul 23 10:39:08 +0000 2022,1,0,en,"<a href=""https://mobile.twitter.com"" rel=""nofollow"">Twitter Web App</a>",Tweet,https://www.youtube.com/watch?v=bnw88BAnCWY ,0,0,,,,,
1550737584732573696,RT @tokengineering : ğŸ‘‰ RT if you love learning with Token Engineering! https://t.co/8vh51HxVST,Plurigrid ğŸ›¸,plurigrid,2022-07-23T07:00:26.000Z,Sat Jul 23 07:00:26 +0000 2022,0,0,en,"<a href=""http://twitter.com/download/iphone"" rel=""nofollow"">Twitter for iPhone</a>",Retweet,,0,0,photo,https://pbs.twimg.com/media/FYOCBdtVsAAb-9o.jpg,,,
1550465512970211329,"There is a lot to learn and build on our journey to making access to clean energy a universal human right â˜€ï¸ğŸ”‹ğŸ‡ºğŸ‡³

Attempting an unprecedented realignment of games in energy systems âš¡ï¸ we stand on the shoulders of giants @commonsstack @tokengineering @NREL @IEA @ToposInstitute ğŸ«¡ https://t.co/3PVXRTGIBV",Plurigrid ğŸ›¸,plurigrid,2022-07-22T12:59:19.000Z,Fri Jul 22 12:59:19 +0000 2022,2,0,en,"<a href=""https://mobile.twitter.com"" rel=""nofollow"">Twitter Web App</a>",Tweet,https://twitter.com/bmorphism/status/1550463345798443009 ,0,5,,,,,
1550370365985021958,"RT @anoma : What can you build with Anoma? 
- Private DAOs
- Private auctions
- Private games
- Multiparty, multivariate, private bartering
-On-demand / Runtime rollups 

@adrian_brink at @EthCC! https://t.co/40ouCFNk0d",Plurigrid ğŸ›¸,plurigrid,2022-07-22T06:41:14.000Z,Fri Jul 22 06:41:14 +0000 2022,0,0,en,"<a href=""https://mobile.twitter.com"" rel=""nofollow"">Twitter Web App</a>",Retweet,,0,2,photo,https://pbs.twimg.com/media/FYMRBpcXwAAIPaS.jpg,,,
1549887412800610304,"RT @ESIFlabs : In its 10th year, @NRELâ€™s visionary Renewable Electricity Futures Study showed that the nationâ€™s diverse #RenewableEnergy resources could feasibly, both technically and economically, supply 80% of U.S. electricity in 2050, mostly from wind and #solar: https://t.co/rJ3X4pRxNH https://t.co/PnND28BSIm",Plurigrid ğŸ›¸,plurigrid,2022-07-20T22:42:09.000Z,Wed Jul 20 22:42:09 +0000 2022,0,0,en,"<a href=""http://twitter.com/download/iphone"" rel=""nofollow"">Twitter for iPhone</a>",Retweet,https://bit.ly/june2nlrefs ,2,1,photo,https://pbs.twimg.com/media/FYJLn_XWIAA59B5.jpg,,,
1549678856931463168,@commonsstack https://t.co/6UOkLmoanS,Plurigrid ğŸ›¸,plurigrid,2022-07-20T08:53:25.000Z,Wed Jul 20 08:53:25 +0000 2022,0,0,qme,"<a href=""http://twitter.com/download/iphone"" rel=""nofollow"">Twitter for iPhone</a>",Reply,https://youtu.be/PJ9IaplRrm4 ,0,1,,,,,
1549518595331219456,RT @atlasdaosf : A bright future ahead @plurigrid â˜€ï¸ğŸŒ³ğŸ™ğŸ’¡ğŸŒ»ğŸï¸ğŸŒ¤ğŸ¢ğŸŒ¿ğŸ¡ğŸ”­ğŸŒŒâœ¨ğŸƒ https://t.co/QYdvIZXkF7,Plurigrid ğŸ›¸,plurigrid,2022-07-19T22:16:36.000Z,Tue Jul 19 22:16:36 +0000 2022,0,0,en,"<a href=""https://mobile.twitter.com"" rel=""nofollow"">Twitter Web App</a>",Retweet,,0,1,photo,https://pbs.twimg.com/media/FYAOc8pVEAA1Hlr.jpg,,,
1549409618241228801,"RT @NREL_Conduit : Check out our newly updated Data and Tools page. Explore data, models, and tools that help state, local, and tribal governments make informed decisions about #energypolicy, #energyplanning, and #energy projects&gt;&gt;&gt; https://t.co/j2vsWj1ZBX #NRELToolsYouCanUse https://t.co/XIwUddCTUc",Plurigrid ğŸ›¸,plurigrid,2022-07-19T15:03:34.000Z,Tue Jul 19 15:03:34 +0000 2022,0,0,en,"<a href=""https://mobile.twitter.com"" rel=""nofollow"">Twitter Web App</a>",Retweet,http://nrel.gov/state-local-tribal/data-tools.html ,4,0,video,https://video.twimg.com/ext_tw_video/1549409480793899013/pu/vid/640x360/yr_ZVMc_EksicArg.mp4?tag=12,,,
1549375612480999425,"RT @g_spadaro90 : Is there variation in impersonal cooperation across societies?
Which institutional, cultural, and ecological factors explain cross-societal variation in impersonal cooperation?

We conducted a meta-analysis to find outâ€“now in press at JPSP
Preprint:https://t.co/SnI4e70DZf

AğŸ§µ/1 https://t.co/XsuHpjfKf3",Plurigrid ğŸ›¸,plurigrid,2022-07-19T12:48:26.000Z,Tue Jul 19 12:48:26 +0000 2022,0,0,en,"<a href=""https://mobile.twitter.com"" rel=""nofollow"">Twitter Web App</a>",Retweet,https://psyarxiv.com/z82tf ,0,0,photo,https://pbs.twimg.com/media/FN5piIZXIA4i8eJ.png,,,
1549364808201281536,"RT @IEA : ğŸ”´ WATCH NOW | ğŸ‡ºğŸ‡¦ Minister of Energy @G_Galushchenko &amp; IEA Executive Director @fbirol are LIVE from Warsaw, where they will together sign the IEA-Ukraine Joint Association Agreement, officially marking Ukraineâ€™s entry into the IEA Family.

ğŸ“ºâ¬‡ï¸ https://t.co/BPETNOpkRr",Plurigrid ğŸ›¸,plurigrid,2022-07-19T12:05:30.000Z,Tue Jul 19 12:05:30 +0000 2022,0,0,en,"<a href=""http://twitter.com/download/iphone"" rel=""nofollow"">Twitter for iPhone</a>",Retweet,https://iea.li/3odKHoV ,0,2,,,,,
1549114731994050560,"RT @ESSaveliev : Synthetic data is a growing field in ML research.  But how can we rigorously evaluate the quality of generated data?  In our #ICML2022 paper @_ahmedmalaa, Boris van Breugel, @ESSaveliev and @MihaelaVDS tackle this surprisingly underexplored problem.
https://t.co/f83y6E8vAd
ğŸ§µ1/6",Plurigrid ğŸ›¸,plurigrid,2022-07-18T19:31:47.000Z,Mon Jul 18 19:31:47 +0000 2022,0,0,en,"<a href=""https://mobile.twitter.com"" rel=""nofollow"">Twitter Web App</a>",Retweet,https://youtu.be/zH1RVLHFr_M ,1,3,,,,,
1549028316014727168,"RT @MBazilian : It's hot outside. 

Air-Conditioning Should Be a Human Right.

We need to protect vulnerable people from killer heat without destroying the environment.

https://t.co/ZJ9XA8JDeB",Plurigrid ğŸ›¸,plurigrid,2022-07-18T13:48:24.000Z,Mon Jul 18 13:48:24 +0000 2022,0,0,en,"<a href=""https://mobile.twitter.com"" rel=""nofollow"">Twitter Web App</a>",Retweet,https://www.scientificamerican.com/article/air-conditioning-should-be-a-human-right-in-the-climate-crisis/ ,0,0,,,,,
1549015515032457216,"RT @REScoopEU : How can we achieve the EU's aim of establishing at least one #renewable #energycommunity (REC) per municipality above 10.000 residents by 2025? 

Be part of the dialogue, join the @comeres_eu #EUSEW2022 Sustainable Energy Day!

ğŸ”—Info &amp; registration: https://t.co/7cJ7cobVUT https://t.co/tokrK0kfbA",Plurigrid ğŸ›¸,plurigrid,2022-07-18T12:57:32.000Z,Mon Jul 18 12:57:32 +0000 2022,0,0,en,"<a href=""http://twitter.com/download/iphone"" rel=""nofollow"">Twitter for iPhone</a>",Retweet,https://bit.ly/3AUsuo8 ,3,1,photo,https://pbs.twimg.com/media/FX8YGQjWQAA-MSm.jpg,,,
1548979107098021888,"Coordination is no longer optional ğŸ‘€ @IEA

https://t.co/LOYixdxTKu",Plurigrid ğŸ›¸,plurigrid,2022-07-18T10:32:52.000Z,Mon Jul 18 10:32:52 +0000 2022,0,0,en,"<a href=""http://twitter.com/download/iphone"" rel=""nofollow"">Twitter for iPhone</a>",Tweet,https://www.iea.org/commentaries/coordinated-actions-across-europe-are-essential-to-prevent-a-major-gas-crunch-here-are-5-immediate-measures ,0,1,,,,,
1548913687481573376,"RT @ownereconomy : Catch up on public goods in web3 with @owocki, co-founder and CEO of @gitcoin, a community developing digital public goods that has put $52 million in the open source ecosystem's hands since its founding

https://t.co/QIrDNsefzp",Plurigrid ğŸ›¸,plurigrid,2022-07-18T06:12:55.000Z,Mon Jul 18 06:12:55 +0000 2022,0,0,en,"<a href=""http://twitter.com/download/iphone"" rel=""nofollow"">Twitter for iPhone</a>",Retweet,https://podcasts.apple.com/us/podcast/the-ownership-economy/id1609220378?i=1000552911974 ,0,2,,,,,
1548897976264773632,"@brendanpierpont Our logo has also been generated! Glad to see androids start to dream of sustainable electric sheep... ğŸ‘
ğŸ¨ğŸ¤–âš¡ï¸",Plurigrid ğŸ›¸,plurigrid,2022-07-18T05:10:29.000Z,Mon Jul 18 05:10:29 +0000 2022,1,0,en,"<a href=""http://twitter.com/download/iphone"" rel=""nofollow"">Twitter for iPhone</a>",Reply,,0,1,,,,,
1548462475363766273,"RT @awasunyin : I'm really excited to finally announce @namadanetwork: a sovereign chain for shielded transfers with any asset

Here's an overview of what Namada is, how it works, and how to participate:
https://t.co/hmCOp9rRIQ",Plurigrid ğŸ›¸,plurigrid,2022-07-17T00:19:57.000Z,Sun Jul 17 00:19:57 +0000 2022,0,0,en,"<a href=""https://mobile.twitter.com"" rel=""nofollow"">Twitter Web App</a>",Retweet,https://medium.com/anomanetwork/introducing-namada-shielded-transfers-with-any-assets-dce2e579384c ,0,1,,,,,
1548228659751710720,https://t.co/KLua5ulKZZ,Plurigrid ğŸ›¸,plurigrid,2022-07-16T08:50:51.000Z,Sat Jul 16 08:50:51 +0000 2022,2,0,zxx,"<a href=""https://mobile.twitter.com"" rel=""nofollow"">Twitter Web App</a>",Tweet,https://cosmosmagazine.com/science/mathematics/fractals-in-nature/ ,0,0,,,,,
1548069661178093574,"@LoraxJd @divine_economy @0xPolygon @solana @cosmos kernel pluralism -- GNU/Linux, Win10/Linux, GNU/Hurd... ğŸ„ğŸ„ğŸ„

https://t.co/zTdn5Cme6O",Plurigrid ğŸ›¸,plurigrid,2022-07-15T22:19:03.000Z,Fri Jul 15 22:19:03 +0000 2022,3,1,tl,"<a href=""http://twitter.com/download/iphone"" rel=""nofollow"">Twitter for iPhone</a>",Reply,https://docs.microsoft.com/en-us/windows-server/virtualization/hyper-v/Supported-Linux-and-FreeBSD-virtual-machines-for-Hyper-V-on-Windows ,0,5,,,,,
1547987364114415616,RT @notscottmoore : the moral character of cryptographic work should be required reading https://t.co/HjMlceDYYO,Plurigrid ğŸ›¸,plurigrid,2022-07-15T16:52:02.000Z,Fri Jul 15 16:52:02 +0000 2022,0,0,en,"<a href=""http://twitter.com/download/iphone"" rel=""nofollow"">Twitter for iPhone</a>",Retweet,,0,0,photo,https://pbs.twimg.com/media/FXt9_LiUEAAvrxh.jpg,,,
1547954215971987468,"We ğŸ’› ğ™¸ğ™´ğ™´ğ™´ ğŸ·ğŸ»ğŸºğŸ½ and ğ™¸ğ™´ğ™´ğ™´ ğŸ¸ğŸ¶ğŸ¹ğŸ¶! @ieee_pes 
Distributed Energy Resources / Smart Grid #Interoperability Standards require practical mechanisms through which to grow adoption and reliable coordination capabilities! ğŸ•¹âš¡ï¸
https://t.co/NaXecclP8p
https://t.co/YpyAeQc1qW",Plurigrid ğŸ›¸,plurigrid,2022-07-15T14:40:19.000Z,Fri Jul 15 14:40:19 +0000 2022,2,0,en,"<a href=""https://mobile.twitter.com"" rel=""nofollow"">Twitter Web App</a>",Tweet,https://sagroups.ieee.org/scc21/ https://www.youtube.com/watch?v=T35akQ-Hxqw ,1,1,,,,,
1547942355004637185,"@anomanetwork @EthCC Why care about user / DER privacy when placing energy market data on decentralized ledgers? ğŸŒƒâ›“

ğŸ” autonomous grid surveillance ğŸ”¦ is both easier / more invasive than you may intend!

https://t.co/KCbZLGgcaw
https://t.co/9WYqdB8YXq

@YannDupis @MarieWasher #privacyevolution https://t.co/ukUCiAovhE",Plurigrid ğŸ›¸,plurigrid,2022-07-15T13:53:11.000Z,Fri Jul 15 13:53:11 +0000 2022,1,0,en,"<a href=""https://mobile.twitter.com"" rel=""nofollow"">Twitter Web App</a>",Reply,https://ieeexplore.ieee.org/document/8613816 https://ieeexplore.ieee.org/document/8234700 ,1,4,photo,https://pbs.twimg.com/media/FXtlQNfUEAItiZ_.png,,,
1547859221240168452,@checkfit @MitchellBoard @GuardianMallika @telford_julia @DjimoSerodio @Avano_io @bati @brajeshwar @therefiedge @PrasannaKondap9 @man_meat_singh @Aritra_7 @Karl_e_Arman @obreewansg @agroforestDAO @PindipoluVenkat @seira_yun @AumEnergy @regencrypto .@Plurigrid ğŸ’¡ğŸ¤«,Plurigrid ğŸ›¸,plurigrid,2022-07-15T08:22:50.000Z,Fri Jul 15 08:22:50 +0000 2022,0,0,und,"<a href=""http://twitter.com/download/iphone"" rel=""nofollow"">Twitter for iPhone</a>",Reply,,0,19,,,,,
1547847013764460546,"We build for _all_ IRL energy users!
ğŸ¥ğŸ­ğŸ•

What can Intent be in spot markets? ğŸ’­

- swap X for Y at the best market rate _unless_ there is Z from a renewable source
- sell excess capacity to microgrids smaller than median _only_ (unless âˆƒ evidence of human rights violations) https://t.co/LMhIRghl9g",Plurigrid ğŸ›¸,plurigrid,2022-07-15T07:34:20.000Z,Fri Jul 15 07:34:20 +0000 2022,1,0,en,"<a href=""http://twitter.com/download/iphone"" rel=""nofollow"">Twitter for iPhone</a>",Tweet,https://twitter.com/awasunyin/status/1547670003171729411 ,0,0,,,,,
1547842998523678720,@awasunyin @Uniswap @cow_swap amoosing math!! UniCow sounds like a perfect play for @thecowfund  ğŸ®,Plurigrid ğŸ›¸,plurigrid,2022-07-15T07:18:23.000Z,Fri Jul 15 07:18:23 +0000 2022,1,0,en,"<a href=""http://twitter.com/download/iphone"" rel=""nofollow"">Twitter for iPhone</a>",Reply,,0,4,,,,,
1547840670819225601,"RT @awasunyin : 22/24

Some novel dApps that you can build with Anoma:

- Runtime rollups / on-demand rollups
- On-demand AMMs
- Private #DAO with configurable disclosure
- Private bartering of arbitrary assets
- Multiparty games that require flexible privacy &amp; low latency like Settlers of Catan",Plurigrid ğŸ›¸,plurigrid,2022-07-15T07:09:08.000Z,Fri Jul 15 07:09:08 +0000 2022,0,0,en,"<a href=""http://twitter.com/download/iphone"" rel=""nofollow"">Twitter for iPhone</a>",Retweet,,1,0,,,,,
1547840136418775040,"RT @awasunyin : 14/24

How does Gen3 look like? If we do not want to sacrifice decentralization for mass adoption, we need a change of paradigm:

a) One that is intent-centric, where the user only needs to worry about describing their desired state transition &amp; verify the settlement on-chain... https://t.co/PXRgxMsfUI",Plurigrid ğŸ›¸,plurigrid,2022-07-15T07:07:00.000Z,Fri Jul 15 07:07:00 +0000 2022,0,0,en,"<a href=""http://twitter.com/download/iphone"" rel=""nofollow"">Twitter for iPhone</a>",Retweet,,0,0,photo,https://pbs.twimg.com/media/FXpi6ekUUAQXHeb.jpg,,,
1547599852715921411,"RT @KYVENetwork : 1/ KYVEâ€™s sixth protocol update is live!

Weâ€™re thrilled to announce this release of new features focusing on improving pool security, protocol node roles, the overall KYVE app user experience, &amp; more!

Take a closer look at whatâ€™s new ğŸ§µâ¬‡ï¸

https://t.co/CZGdu5Jx1j",Plurigrid ğŸ›¸,plurigrid,2022-07-14T15:12:12.000Z,Thu Jul 14 15:12:12 +0000 2022,0,0,en,"<a href=""http://twitter.com/download/iphone"" rel=""nofollow"">Twitter for iPhone</a>",Retweet,https://blog.kyve.network/web3-data-announcing-kyves-sixth-protocol-update-ea236bbc3724 ,0,0,,,,,
1547566624206508037,RT @EIAgov : #TodayInEnergy - U.S. monthly average #HenryHub #naturalgas spot price nearly doubled in 12 months https://t.co/aXQqSIikbm https://t.co/ONIvTgqUPp,Plurigrid ğŸ›¸,plurigrid,2022-07-14T13:00:10.000Z,Thu Jul 14 13:00:10 +0000 2022,0,0,en,"<a href=""http://twitter.com/download/iphone"" rel=""nofollow"">Twitter for iPhone</a>",Retweet,https://go.usa.gov/xSTan ,3,0,photo,https://pbs.twimg.com/media/FXoCbYnXkAAP4n-.png,,,
1547536315834580995,"ğŸŒ³ #Ê€á´‡É¢á´‡É´ á´á´‡É´á´›á´€ÊŸÉªá´›Éªá´‡êœ± - Éªá´á´©á´€á´„á´› #ÉªÊ€ÊŸ á´©á´€É´á´‡ÊŸ ğŸŒ³
â€”â€”â€”â€”â€”â€”â€”â€”â€”â€”â€”â€”â€”â€”â€”â€”â€”â€”â€”â€”â€”
@karmaticacid @jori_armbruster @JamesJohnBeck @eth_barcelona

Our takeaways...

- build for the real world productsâš¡ï¸
- imbue tokens w/ community values â™¾
- test your assumptions ğŸ®

#PublicGoods https://t.co/a4OPjX9KwZ",Plurigrid ğŸ›¸,plurigrid,2022-07-14T10:59:44.000Z,Thu Jul 14 10:59:44 +0000 2022,5,1,en,"<a href=""https://mobile.twitter.com"" rel=""nofollow"">Twitter Web App</a>",Tweet,https://twitter.com/tecmns/status/1547288248548032512 ,3,4,,,,,
1547008337811648512,"RT @Energy_Leaders : Gain a new understanding of Grid Resiliency by registering for the â€œA Stronger Grid in the Face of Wildfiresâ€ virtual panel on July 13, 5pm PT: https://t.co/f8xBJ1pTc0

Receive 20% off using the discount code FightWildfires @WomenCleantech https://t.co/kcFdODeiaE",Plurigrid ğŸ›¸,plurigrid,2022-07-13T00:01:44.000Z,Wed Jul 13 00:01:44 +0000 2022,0,0,en,"<a href=""http://twitter.com/download/iphone"" rel=""nofollow"">Twitter for iPhone</a>",Retweet,https://bit.ly/wildfires_panel ,0,1,photo,https://pbs.twimg.com/media/FXa99IAUYAAYdVl.jpg,,,
1546998955837247489,@cyrusofeden we bloom together ğŸŒ³ğŸŒ³ğŸŒ³ #WBT,Plurigrid ğŸ›¸,plurigrid,2022-07-12T23:24:27.000Z,Tue Jul 12 23:24:27 +0000 2022,0,0,en,"<a href=""http://twitter.com/download/iphone"" rel=""nofollow"">Twitter for iPhone</a>",Reply,,1,1,,,,,
1546994035939692551,"At Plurigrid we aim to bring coordination and interoperability mechanisms developed in the EU to the whole world! ğŸ‡ªğŸ‡ºğŸŒ

But what does it take to develop an interoperable energy system with data availability? âš¡ï¸â™¾

https://t.co/Yn51PiRlpi

@Twinergy_EU @smartEnEU @OneNetProject",Plurigrid ğŸ›¸,plurigrid,2022-07-12T23:04:54.000Z,Tue Jul 12 23:04:54 +0000 2022,5,4,en,"<a href=""http://twitter.com/download/iphone"" rel=""nofollow"">Twitter for iPhone</a>",Tweet,https://www.twinergy.eu/news/twinergy-interoperability-workshop ,0,3,,,,,
1546896395092627461,RT @solarbenattia : Staggering stat from my latest report: At least SEVENTEEN African countries have more distributed diesel generation capacity than grid-connected power generation capacity. Let that sink in. https://t.co/dC4WpPJ7i1,Plurigrid ğŸ›¸,plurigrid,2022-07-12T16:36:55.000Z,Tue Jul 12 16:36:55 +0000 2022,0,0,en,"<a href=""http://twitter.com/download/iphone"" rel=""nofollow"">Twitter for iPhone</a>",Retweet,,0,0,photo,https://pbs.twimg.com/media/FQzNUGKXIAc3ikp.jpg,,,
1546705712801189888,RT @PGE4Me : Happening Now: Commissioning our Elkhorn Battery System in Moss Landing w/ @Tesla @CalEnergy @California_ISO. A key milestone in making clean energy available on demand to support Californiaâ€™s electric grid reliability. https://t.co/IUKVd0iVgb,Plurigrid ğŸ›¸,plurigrid,2022-07-12T03:59:12.000Z,Tue Jul 12 03:59:12 +0000 2022,0,0,en,"<a href=""http://twitter.com/download/iphone"" rel=""nofollow"">Twitter for iPhone</a>",Retweet,,0,3,video,https://video.twimg.com/ext_tw_video/1533894929948106753/pu/vid/640x360/fWpRrksM3vGi0Vss.mp4?tag=12,,,
1546533453922836480,"@tokengineering ... can these methodologies be one day complete enough and sufficient for safe token-supported coordination in critical infrastructure?
ğŸ¤”âš¡ï¸ğŸ­",Plurigrid ğŸ›¸,plurigrid,2022-07-11T16:34:43.000Z,Mon Jul 11 16:34:43 +0000 2022,0,0,en,"<a href=""https://mobile.twitter.com"" rel=""nofollow"">Twitter Web App</a>",Reply,,0,1,,,,,
1546530718234189824,https://t.co/3FLwSaTfqQ,Plurigrid ğŸ›¸,plurigrid,2022-07-11T16:23:51.000Z,Mon Jul 11 16:23:51 +0000 2022,0,0,zxx,"<a href=""https://mobile.twitter.com"" rel=""nofollow"">Twitter Web App</a>",Tweet,https://mirror.xyz/harvardblockchain.eth/o3VqNL4TLD21VdMCkHkVdnIGTigCmvh_Fam3kctBAhU ,0,0,,,,,
1546516763256311808,"RT @NREL_Conduit : AcompÃ¡Ã±enos en nuestro seminario web de @ENERGY el 21 de julio para la primera actualizaciÃ³n de progreso del #PR100, un estudio para trazar la ruta hacia energÃ­a limpia, resistente y asequible para Puerto Rico para 2050. https://t.co/xOu3gsRX5i https://t.co/YiGDpvLNa8",Plurigrid ğŸ›¸,plurigrid,2022-07-11T15:28:23.000Z,Mon Jul 11 15:28:23 +0000 2022,0,0,es,"<a href=""http://twitter.com/download/iphone"" rel=""nofollow"">Twitter for iPhone</a>",Retweet,http://bit.ly/PR100ProgressUpdate ,1,1,photo,https://pbs.twimg.com/media/FXZPdPCXkAAeWMo.jpg,,,
1545950988757979136,@ecosapiensxyz ğŸŒ³ğŸ“ˆğŸ«¡,Plurigrid ğŸ›¸,plurigrid,2022-07-10T02:00:12.000Z,Sun Jul 10 02:00:12 +0000 2022,3,0,und,"<a href=""https://mobile.twitter.com"" rel=""nofollow"">Twitter Web App</a>",Reply,,0,1,,,,,
1545936289949618176,Industrial. Control. Systems. https://t.co/Uj3znwlpZ6,Plurigrid ğŸ›¸,plurigrid,2022-07-10T01:01:48.000Z,Sun Jul 10 01:01:48 +0000 2022,12,1,en,"<a href=""http://twitter.com/download/iphone"" rel=""nofollow"">Twitter for iPhone</a>",Tweet,https://twitter.com/mattparlmer/status/1545935941612740611 ,0,0,,,,,
1545721542004260864,"@mlpermabull ğŸ«¡ look at fundamentals of exchange in society, start with the basics ğŸŒ",Plurigrid ğŸ›¸,plurigrid,2022-07-09T10:48:28.000Z,Sat Jul 09 10:48:28 +0000 2022,0,0,en,"<a href=""https://mobile.twitter.com"" rel=""nofollow"">Twitter Web App</a>",Reply,,0,0,,,,,
1545719759437586432,@Twinergy_EU @TigonProject @cinea_eu @cleanenergy_eu @eNeuronproject @Energy4Europe @EUASE How does one participate? âš¡ï¸,Plurigrid ğŸ›¸,plurigrid,2022-07-09T10:41:23.000Z,Sat Jul 09 10:41:23 +0000 2022,0,0,en,"<a href=""https://mobile.twitter.com"" rel=""nofollow"">Twitter Web App</a>",Reply,,0,7,,,,,
1545709828336599040,"RT @curvelabs : in the 1st part of our speculative blog series: Weaving Trust, we are exploring invisible architectures of the cyber-social body + the implications of collective infrastructuring ğŸ•¸

dive in ğŸ•·
https://t.co/5Hqc7s4ujx",Plurigrid ğŸ›¸,plurigrid,2022-07-09T10:01:55.000Z,Sat Jul 09 10:01:55 +0000 2022,0,0,en,"<a href=""https://mobile.twitter.com"" rel=""nofollow"">Twitter Web App</a>",Retweet,https://mirror.xyz/designworks.eth/EGJmrb-TsCsDP2C6EJelomVfvPFJS5sjZSMQgvPjwd4 ,0,0,,,,,
1545580824484933634,https://t.co/bXAXONhlhn,Plurigrid ğŸ›¸,plurigrid,2022-07-09T01:29:18.000Z,Sat Jul 09 01:29:18 +0000 2022,1,0,zxx,"<a href=""https://mobile.twitter.com"" rel=""nofollow"">Twitter Web App</a>",Tweet,https://mirror.xyz/crowdmuse.eth/gpCq_nxGuQtCFa12kXlRLWJzc_ECTkQ1UjaWRtDUvS8 ,0,0,,,,,
1545552007166971904,"From our friends at @NREL ğŸ“‘

As it turns out, we _know_ how to make the grid operation more resilient to disruptive events, but we _cannot_ do it without coordination! ğŸ’¡#ReFi

Check out the results to find out why, and how (ğŸ‘€ it's the inverters!):
https://t.co/3mNDzjIR9A https://t.co/HVUCHGrknb",Plurigrid ğŸ›¸,plurigrid,2022-07-08T23:34:48.000Z,Fri Jul 08 23:34:48 +0000 2022,0,1,en,"<a href=""https://mobile.twitter.com"" rel=""nofollow"">Twitter Web App</a>",Tweet,https://www.nrel.gov/docs/fy20osti/73071.pdf ,1,1,photo,https://pbs.twimg.com/media/FXLh_MWVsAAzU8e.png,,,
1545505881197932544,"At Plurigrid we aim to build a neutral energy coordination layer that can ultimately scale to _all_ communities âœ¨â˜„ï¸

ğšƒğš‘ğšğšœğš’ğšœ: value-aligned coordination in energy markets wins ğŸŒ

ğ™µğš˜ğšŒğšğšœ: fractal instance of Anoma for energy barterâš¡ï¸â™»ï¸

What is Anoma? July 14th ğŸ™â–¼ https://t.co/ePVNwVfDQS",Plurigrid ğŸ›¸,plurigrid,2022-07-08T20:31:30.000Z,Fri Jul 08 20:31:30 +0000 2022,2,0,en,"<a href=""http://twitter.com/download/iphone"" rel=""nofollow"">Twitter for iPhone</a>",Tweet,https://twitter.com/anoma/status/1545377952376016896 ,0,0,,,,,
1545166198815436800,"ğŸ™Œâœ¨@BerkeleyLab ğŸ›¸

as a project in @cosmos #IBC ecosystem also starting this week, we can't help but see the word choice as a cosmic coincidence... more acceleration to be expected! ğŸª https://t.co/QWxRnCKwYF",Plurigrid ğŸ›¸,plurigrid,2022-07-07T22:01:44.000Z,Thu Jul 07 22:01:44 +0000 2022,0,0,en,"<a href=""https://mobile.twitter.com"" rel=""nofollow"">Twitter Web App</a>",Tweet,https://twitter.com/doescience/status/1544864280570433536 ,1,2,,,,,
1545161672947482624,"RT @NEI : ""By including nuclear energy in the taxonomy, the European Union has signaled the importance of advancing nuclear projects."" - NEI President &amp; CEO Maria Korsnick

https://t.co/1Gbv5ytXDc",Plurigrid ğŸ›¸,plurigrid,2022-07-07T21:43:45.000Z,Thu Jul 07 21:43:45 +0000 2022,0,0,en,"<a href=""http://twitter.com/download/iphone"" rel=""nofollow"">Twitter for iPhone</a>",Retweet,https://www.nei.org/news/2022/nei-statement-on-nuclear-in-eu-taxonomy ,0,0,,,,,
1545104774185373696,"gm regens! ğŸŒ± 

this type of game theoretic modeling of protocols combined with synthetic data can bring us all closer to the world of ~Outcome Simulation~

why bother at all? when your prod is delivering power to someone's home, the stakes are higherâš¡ï¸ğŸ˜

https://t.co/vdVrbgSWUx",Plurigrid ğŸ›¸,plurigrid,2022-07-07T17:57:39.000Z,Thu Jul 07 17:57:39 +0000 2022,1,0,en,"<a href=""https://mobile.twitter.com"" rel=""nofollow"">Twitter Web App</a>",Tweet,https://cybercat.institute/2022/06/24/a-software-engine-for-game-theoretic-modelling-part-2/ ,0,0,,,,,